t_s,a_code,b_code,c,d
-0.0015,115,112,0,0
-0.00149,115,112,0,0
-0.00148,115,112,0,0
-0.00147,115,112,0,0
-0.00146,115,112,0,0
-0.00145,115,112,0,0
-0.00144,115,112,0,0
-0.00143,115,112,0,0
-0.00142,115,112,0,0
-0.00141,115,112,0,0
-0.0014,115,111,0,0
-0.00139,115,112,0,0
-0.00138,115,112,0,0
-0.00137,115,112,0,0
-0.00136,115,112,0,0
-0.00135,115,112,0,0
-0.00134,115,112,0,0
-0.00133,115,112,0,0
-0.00132,114,112,0,0
-0.00131,115,112,0,0
-0.0013,115,112,0,0
-0.00129,116,112,0,0
-0.00128,115,112,0,0
-0.00127,115,112,0,0
-0.00126,115,111,0,0
-0.00125,115,112,0,0
-0.00124,116,112,0,0
-0.00123,115,111,0,0
-0.00122,115,112,0,0
-0.00121,115,112,0,0
-0.0012,115,112,0,0
-0.00119,115,112,0,0
-0.00118,115,112,0,0
-0.00117,115,112,0,0
-0.00116,115,112,0,0
-0.00115,115,112,0,0
-0.00114,115,111,0,0
-0.00113,115,112,0,0
-0.00112,114,112,0,0
-0.00111,115,112,0,0
-0.0011,114,112,0,0
-0.00109,115,111,0,0
-0.00108,115,111,0,0
-0.00107,115,111,0,0
-0.00106,115,112,0,0
-0.00105,115,112,0,0
-0.00104,115,112,0,0
-0.00103,115,111,0,0
-0.00102,115,111,0,0
-0.00101,115,112,0,0
-0.001,180,112,0,0
-0.00099,180,112,0,0
-0.00098,180,112,0,0
-0.00097,180,112,0,0
-0.00096,179,111,0,0
-0.00095,180,112,0,0
-0.00094,180,111,0,0
-0.00093,180,112,0,0
-0.00092,180,112,0,0
-0.00091,180,112,0,0
-0.0009,179,112,0,0
-0.00089,180,112,0,0
-0.00088,179,112,0,0
-0.00087,180,112,0,0
-0.00086,179,112,0,0
-0.00085,179,111,0,0
-0.00084,179,112,0,0
-0.00083,180,112,0,0
-0.00082,180,111,0,0
-0.00081,179,112,0,0
-0.0008,179,111,0,0
-0.00079,179,112,0,0
-0.00078,180,111,0,0
-0.00077,180,112,0,0
-0.00076,180,112,0,0
-0.00075,179,112,0,0
-0.00074,179,112,0,0
-0.00073,180,112,0,0
-0.00072,180,112,0,0
-0.00071,179,112,0,0
-0.0007,179,112,0,0
-0.00069,179,112,0,0
-0.00068,180,112,0,0
-0.00067,180,111,0,0
-0.00066,180,112,0,0
-0.00065,180,111,0,0
-0.00064,179,112,0,0
-0.00063,180,111,0,0
-0.00062,180,112,0,0
-0.00061,180,112,0,0
-0.0006,179,112,0,0
-0.00059,179,112,0,0
-0.00058,180,111,0,0
-0.00057,180,112,0,0
-0.00056,179,112,0,0
-0.00055,179,112,0,0
-0.00054,179,112,0,0
-0.00053,180,112,0,0
-0.00052,180,111,0,0
-0.00051,180,112,0,0
-0.0005,115,111,0,0
-0.00049,114,112,0,0
-0.00048,115,112,0,0
-0.00047,115,111,0,0
-0.00046,115,112,0,0
-0.00045,115,112,0,0
-0.00044,115,112,0,0
-0.00043,115,112,0,0
-0.00042,115,112,0,0
-0.00041,115,112,0,0
-0.0004,115,112,0,0
-0.00039,115,112,0,0
-0.00038,115,112,0,0
-0.00037,115,112,0,0
-0.00036,115,112,0,0
-0.00035,115,112,0,0
-0.00034,115,112,0,0
-0.00033,115,112,0,0
-0.00032,115,111,0,0
-0.00031,115,112,0,0
-0.0003,115,112,0,0
-0.00029,115,112,0,0
-0.00028,115,112,0,0
-0.00027,115,112,0,0
-0.00026,115,112,0,0
-0.00025,115,112,0,0
-0.00024,115,112,0,0
-0.00023,115,112,0,0
-0.00022,115,112,0,0
-0.00021,115,112,0,0
-0.0002,115,111,0,0
-0.00019,115,112,0,0
-0.00018,115,112,0,0
-0.00017,116,112,0,0
-0.00016,116,112,0,0
-0.00015,115,112,0,0
-0.00014,115,112,0,0
-0.00013,115,112,0,0
-0.00012,115,111,0,0
-0.00011,115,112,0,0
-0.0001,115,112,0,0
-9e-05,115,112,0,0
-8e-05,115,112,0,0
-7e-05,115,112,0,0
-6e-05,115,112,0,0
-5e-05,115,112,0,0
-4e-05,115,112,0,0
-3e-05,115,112,0,0
-2e-05,115,112,0,0
-1e-05,115,112,0,0
0.0,180,111,0,0
1e-05,180,112,0,0
2e-05,179,111,0,0
3e-05,179,112,0,0
4e-05,180,112,0,0
5e-05,180,112,0,0
6e-05,179,112,0,0
7e-05,179,112,0,0
8e-05,179,111,0,0
9e-05,180,112,0,0
0.0001,180,112,0,0
0.00011,180,112,0,0
0.00012,180,112,0,0
0.00013,179,112,0,0
0.00014,180,112,0,0
0.00015,180,111,0,0
0.00016,180,112,0,0
0.00017,179,111,0,0
0.00018,179,112,0,0
0.00019,180,112,0,0
0.0002,180,112,0,0
0.00021,180,111,0,0
0.00022,179,112,0,0
0.00023,180,112,0,0
0.00024,180,112,0,0
0.00025,180,112,0,0
0.00026,180,112,0,0
0.00027,179,112,0,0
0.00028,179,111,0,0
0.00029,180,112,0,0
0.0003,180,112,0,0
0.00031,180,112,0,0
0.00032,180,112,0,0
0.00033,179,112,0,0
0.00034,179,112,0,0
0.00035,180,112,0,0
0.00036,180,112,0,0
0.00037,180,112,0,0
0.00038,179,112,0,0
0.00039,179,112,0,0
0.0004,180,112,0,0
0.00041,180,112,0,0
0.00042,180,112,0,0
0.00043,179,112,0,0
0.00044,180,112,0,0
0.00045,180,112,0,0
0.00046,180,112,0,0
0.00047,180,112,0,0
0.00048,179,112,0,0
0.00049,180,112,0,0
0.0005,115,112,0,0
0.00051,116,112,0,0
0.00052,115,112,0,0
0.00053,115,111,0,0
0.00054,115,111,0,0
0.00055,115,111,0,0
0.00056,115,112,0,0
0.00057,115,112,0,0
0.00058,115,112,0,0
0.00059,115,111,0,0
0.0006,115,112,0,0
0.00061,115,112,0,0
0.00062,116,112,0,0
0.00063,115,112,0,0
0.00064,115,112,0,0
0.00065,115,112,0,0
0.00066,116,112,0,0
0.00067,115,112,0,0
0.00068,115,111,0,0
0.00069,115,112,0,0
0.0007,115,112,0,0
0.00071,115,112,0,0
0.00072,115,112,0,0
0.00073,115,112,0,0
0.00074,115,111,0,0
0.00075,115,111,0,0
0.00076,115,112,0,0
0.00077,115,111,0,0
0.00078,115,112,0,0
0.00079,115,112,0,0
0.0008,115,112,0,0
0.00081,115,112,0,0
0.00082,115,112,0,0
0.00083,114,111,0,0
0.00084,115,112,0,0
0.00085,115,112,0,0
0.00086,115,112,0,0
0.00087,115,112,0,0
0.00088,115,112,0,0
0.00089,115,112,0,0
0.0009,115,111,0,0
0.00091,115,112,0,0
0.00092,115,112,0,0
0.00093,115,112,0,0
0.00094,115,111,0,0
0.00095,115,112,0,0
0.00096,115,112,0,0
0.00097,116,112,0,0
0.00098,115,111,0,0
0.00099,115,111,0,0
0.001,180,112,0,0
0.00101,180,112,0,0
0.00102,180,112,0,0
0.00103,180,112,0,0
0.00104,179,112,0,0
0.00105,179,112,0,0
0.00106,180,112,0,0
0.00107,180,111,0,0
0.00108,180,112,0,0
0.00109,179,112,0,0
0.0011,179,112,0,0
0.00111,179,112,0,0
0.00112,180,112,0,0
0.00113,180,111,0,0
0.00114,179,111,0,0
0.00115,179,111,0,0
0.00116,180,112,0,0
0.00117,180,112,0,0
0.00118,180,112,0,0
0.00119,179,112,0,0
0.0012,179,112,0,0
0.00121,180,112,0,0
0.00122,180,111,0,0
0.00123,180,112,0,0
0.00124,180,112,0,0
0.00125,180,112,0,0
0.00126,180,112,0,0
0.00127,180,112,0,0
0.00128,180,112,0,0
0.00129,180,112,0,0
0.0013,180,111,0,0
0.00131,180,112,0,0
0.00132,180,112,0,0
0.00133,180,112,0,0
0.00134,180,111,0,0
0.00135,179,111,0,0
0.00136,179,112,0,0
0.00137,180,112,0,0
0.00138,180,111,0,0
0.00139,179,112,0,0
0.0014,179,112,0,0
0.00141,179,112,0,0
0.00142,179,111,0,0
0.00143,180,112,0,0
0.00144,180,112,0,0
0.00145,179,112,0,0
0.00146,179,111,0,0
0.00147,180,112,0,0
0.00148,180,112,0,0
0.00149,180,112,0,0
0.0015,115,111,0,0
0.00151,114,111,0,0
0.00152,115,112,0,0
0.00153,116,112,0,0
0.00154,115,112,0,0
0.00155,115,111,0,0
0.00156,115,112,0,0
0.00157,115,112,0,0
0.00158,116,112,0,0
0.00159,115,112,0,0
0.0016,115,111,0,0
0.00161,115,112,0,0
0.00162,115,112,0,0
0.00163,115,111,0,0
0.00164,115,112,0,0
0.00165,115,112,0,0
0.00166,115,112,0,0
0.00167,115,112,0,0
0.00168,115,112,0,0
0.00169,115,111,0,0
0.0017,115,111,0,0
0.00171,115,111,0,0
0.00172,115,111,0,0
0.00173,115,112,0,0
0.00174,115,111,0,0
0.00175,115,112,0,0
0.00176,115,112,0,0
0.00177,115,112,0,0
0.00178,115,112,0,0
0.00179,115,111,0,0
0.0018,115,112,0,0
0.00181,115,112,0,0
0.00182,115,112,0,0
0.00183,115,112,0,0
0.00184,115,112,0,0
0.00185,115,112,0,0
0.00186,115,112,0,0
0.00187,115,112,0,0
0.00188,115,111,0,0
0.00189,115,112,0,0
0.0019,115,112,0,0
0.00191,115,112,0,0
0.00192,115,112,0,0
0.00193,115,112,0,0
0.00194,115,112,0,0
0.00195,115,112,0,0
0.00196,115,112,0,0
0.00197,115,112,0,0
0.00198,114,112,0,0
0.00199,115,111,0,0
0.002,180,112,0,0
0.00201,180,112,0,0
0.00202,179,111,0,0
0.00203,179,112,0,0
0.00204,180,112,0,0
0.00205,180,111,0,0
0.00206,179,112,0,0
0.00207,179,112,0,0
0.00208,179,112,0,0
0.00209,180,112,0,0
0.0021,180,112,0,0
0.00211,180,112,0,0
0.00212,179,112,0,0
0.00213,180,112,0,0
0.00214,180,112,0,0
0.00215,180,112,0,0
0.00216,179,112,0,0
0.00217,179,112,0,0
0.00218,179,112,0,0
0.00219,179,112,0,0
0.0022,180,111,0,0
0.00221,180,112,0,0
0.00222,179,112,0,0
0.00223,179,112,0,0
0.00224,179,112,0,0
0.00225,180,111,0,0
0.00226,179,111,0,0
0.00227,179,112,0,0
0.00228,179,112,0,0
0.00229,180,112,0,0
0.0023,180,112,0,0
0.00231,180,112,0,0
0.00232,180,112,0,0
0.00233,179,111,0,0
0.00234,180,112,0,0
0.00235,180,112,0,0
0.00236,180,112,0,0
0.00237,180,112,0,0
0.00238,179,112,0,0
0.00239,180,112,0,0
0.0024,180,112,0,0
0.00241,180,112,0,0
0.00242,179,112,0,0
0.00243,179,112,0,0
0.00244,179,112,0,0
0.00245,180,112,0,0
0.00246,180,112,0,0
0.00247,180,111,0,0
0.00248,180,112,0,0
0.00249,179,112,0,0
0.0025,115,112,0,0
0.00251,115,112,0,0
0.00252,115,112,0,0
0.00253,115,111,0,0
0.00254,115,112,0,0
0.00255,115,112,0,0
0.00256,115,111,0,0
0.00257,115,112,0,0
0.00258,115,111,0,0
0.00259,115,112,0,0
0.0026,115,112,0,0
0.00261,115,112,0,0
0.00262,115,112,0,0
0.00263,115,112,0,0
0.00264,115,112,0,0
0.00265,115,112,0,0
0.00266,115,112,0,0
0.00267,115,112,0,0
0.00268,115,112,0,0
0.00269,115,112,0,0
0.0027,115,112,0,0
0.00271,115,112,0,0
0.00272,115,111,0,0
0.00273,115,112,0,0
0.00274,115,112,0,0
0.00275,115,112,0,0
0.00276,115,112,0,0
0.00277,115,111,0,0
0.00278,115,112,0,0
0.00279,115,112,0,0
0.0028,115,112,0,0
0.00281,115,111,0,0
0.00282,115,112,0,0
0.00283,115,112,0,0
0.00284,114,112,0,0
0.00285,115,112,0,0
0.00286,115,112,0,0
0.00287,115,111,0,0
0.00288,115,111,0,0
0.00289,115,112,0,0
0.0029,115,111,0,0
0.00291,115,112,0,0
0.00292,115,112,0,0
0.00293,115,112,0,0
0.00294,115,112,0,0
0.00295,115,112,0,0
0.00296,115,112,0,0
0.00297,116,112,0,0
0.00298,115,112,0,0
0.00299,115,112,0,0
0.003,180,112,0,0
0.00301,180,112,0,0
0.00302,180,112,0,0
0.00303,179,112,0,0
0.00304,179,112,0,0
0.00305,179,112,0,0
0.00306,180,111,0,0
0.00307,179,112,0,0
0.00308,179,112,0,0
0.00309,179,112,0,0
0.0031,180,112,0,0
0.00311,180,112,0,0
0.00312,180,111,0,0
0.00313,180,112,0,0
0.00314,179,112,0,0
0.00315,180,112,0,0
0.00316,180,112,0,0
0.00317,180,112,0,0
0.00318,180,112,0,0
0.00319,180,111,0,0
0.0032,179,112,0,0
0.00321,180,112,0,0
0.00322,180,112,0,0
0.00323,180,112,0,0
0.00324,180,112,0,0
0.00325,180,112,0,0
0.00326,180,112,0,0
0.00327,179,112,0,0
0.00328,180,112,0,0
0.00329,179,112,0,0
0.0033,179,112,0,0
0.00331,180,112,0,0
0.00332,180,112,0,0
0.00333,180,112,0,0
0.00334,179,111,0,0
0.00335,179,112,0,0
0.00336,179,112,0,0
0.00337,180,112,0,0
0.00338,180,112,0,0
0.00339,180,112,0,0
0.0034,179,111,0,0
0.00341,179,112,0,0
0.00342,179,112,0,0
0.00343,180,112,0,0
0.00344,180,112,0,0
0.00345,180,112,0,0
0.00346,179,112,0,0
0.00347,180,112,0,0
0.00348,180,112,0,0
0.00349,180,112,0,0
0.0035,115,112,0,0
0.00351,115,112,0,0
0.00352,115,112,0,0
0.00353,115,112,0,0
0.00354,115,112,0,0
0.00355,115,112,0,0
0.00356,115,112,0,0
0.00357,115,112,0,0
0.00358,115,112,0,0
0.00359,115,112,0,0
0.0036,115,112,0,0
0.00361,115,112,0,0
0.00362,114,112,0,0
0.00363,115,111,0,0
0.00364,115,112,0,0
0.00365,115,111,0,0
0.00366,115,111,0,0
0.00367,115,112,0,0
0.00368,114,112,0,0
0.00369,115,111,0,0
0.0037,115,112,0,0
0.00371,115,112,0,0
0.00372,115,112,0,0
0.00373,115,111,0,0
0.00374,115,112,0,0
0.00375,115,112,0,0
0.00376,115,112,0,0
0.00377,115,112,0,0
0.00378,114,111,0,0
0.00379,115,112,0,0
0.0038,115,112,0,0
0.00381,115,112,0,0
0.00382,115,112,0,0
0.00383,115,111,0,0
0.00384,115,112,0,0
0.00385,115,112,0,0
0.00386,115,112,0,0
0.00387,115,112,0,0
0.00388,115,111,0,0
0.00389,115,112,0,0
0.0039,115,111,0,0
0.00391,115,111,0,0
0.00392,115,112,0,0
0.00393,115,112,0,0
0.00394,115,112,0,0
0.00395,115,112,0,0
0.00396,115,112,0,0
0.00397,115,112,0,0
0.00398,115,111,0,0
0.00399,115,112,0,0
0.004,180,111,0,0
0.00401,180,112,0,0
0.00402,180,112,0,0
0.00403,179,112,0,0
0.00404,180,112,0,0
0.00405,180,112,0,0
0.00406,180,112,0,0
0.00407,180,112,0,0
0.00408,179,112,0,0
0.00409,179,112,0,0
0.0041,180,112,0,0
0.00411,180,112,0,0
0.00412,180,112,0,0
0.00413,179,112,0,0
0.00414,179,112,0,0
0.00415,179,112,0,0
0.00416,180,112,0,0
0.00417,179,112,0,0
0.00418,179,112,0,0
0.00419,179,111,0,0
0.0042,179,112,0,0
0.00421,180,112,0,0
0.00422,179,112,0,0
0.00423,179,112,0,0
0.00424,179,112,0,0
0.00425,180,112,0,0
0.00426,180,112,0,0
0.00427,180,112,0,0
0.00428,179,112,0,0
0.00429,179,112,0,0
0.0043,179,111,0,0
0.00431,180,112,0,0
0.00432,180,112,0,0
0.00433,179,112,0,0
0.00434,180,112,0,0
0.00435,180,112,0,0
0.00436,180,112,0,0
0.00437,180,112,0,0
0.00438,179,112,0,0
0.00439,179,112,0,0
0.0044,180,111,0,0
0.00441,180,112,0,0
0.00442,180,112,0,0
0.00443,179,112,0,0
0.00444,179,111,0,0
0.00445,179,111,0,0
0.00446,179,112,0,0
0.00447,180,112,0,0
0.00448,179,112,0,0
0.00449,179,112,0,0
0.0045,115,112,0,0
0.00451,115,112,0,0
0.00452,115,112,0,0
0.00453,115,112,0,0
0.00454,115,112,0,0
0.00455,115,111,0,0
0.00456,116,112,0,0
0.00457,115,111,0,0
0.00458,115,111,0,0
0.00459,115,112,0,0
0.0046,115,112,0,0
0.00461,115,112,0,0
0.00462,115,112,0,0
0.00463,115,112,0,0
0.00464,115,112,0,0
0.00465,115,112,0,0
0.00466,115,112,0,0
0.00467,115,112,0,0
0.00468,115,111,0,0
0.00469,115,112,0,0
0.0047,115,112,0,0
0.00471,115,112,0,0
0.00472,115,112,0,0
0.00473,115,112,0,0
0.00474,115,112,0,0
0.00475,114,111,0,0
0.00476,115,112,0,0
0.00477,115,112,0,0
0.00478,115,112,0,0
0.00479,115,112,0,0
0.0048,115,112,0,0
0.00481,115,112,0,0
0.00482,115,112,0,0
0.00483,116,112,0,0
0.00484,115,112,0,0
0.00485,115,112,0,0
0.00486,115,112,0,0
0.00487,115,112,0,0
0.00488,115,112,0,0
0.00489,115,112,0,0
0.0049,115,112,0,0
0.00491,115,112,0,0
0.00492,115,112,0,0
0.00493,115,111,0,0
0.00494,115,112,0,0
0.00495,115,112,0,0
0.00496,115,112,0,0
0.00497,115,111,0,0
0.00498,115,112,0,0
0.00499,115,112,0,0
0.005,180,111,0,0
0.00501,179,111,0,0
0.00502,180,111,0,0
0.00503,180,112,0,0
0.00504,179,112,0,0
0.00505,179,112,0,0
0.00506,179,112,0,0
0.00507,180,112,0,0
0.00508,180,112,0,0
0.00509,179,112,0,0
0.0051,179,112,0,0
0.00511,179,112,0,0
0.00512,180,112,0,0
0.00513,180,112,0,0
0.00514,180,112,0,0
0.00515,179,112,0,0
0.00516,180,112,0,0
0.00517,180,112,0,0
0.00518,180,112,0,0
0.00519,180,112,0,0
0.0052,179,112,0,0
0.00521,179,112,0,0
0.00522,180,112,0,0
0.00523,180,111,0,0
0.00524,180,111,0,0
0.00525,179,112,0,0
0.00526,179,112,0,0
0.00527,179,112,0,0
0.00528,180,111,0,0
0.00529,180,112,0,0
0.0053,179,112,0,0
0.00531,180,112,0,0
0.00532,179,112,0,0
0.00533,179,112,0,0
0.00534,180,111,0,0
0.00535,179,112,0,0
0.00536,180,112,0,0
0.00537,180,112,0,0
0.00538,180,112,0,0
0.00539,180,112,0,0
0.0054,180,112,0,0
0.00541,179,112,0,0
0.00542,179,112,0,0
0.00543,180,112,0,0
0.00544,180,112,0,0
0.00545,180,112,0,0
0.00546,179,112,0,0
0.00547,179,112,0,0
0.00548,180,112,0,0
0.00549,180,112,0,0
0.0055,115,112,0,0
0.00551,115,112,0,0
0.00552,115,112,0,0
0.00553,115,112,0,0
0.00554,115,111,0,0
0.00555,115,112,0,0
0.00556,115,112,0,0
0.00557,115,112,0,0
0.00558,115,112,0,0
0.00559,115,112,0,0
0.0056,115,112,0,0
0.00561,115,112,0,0
0.00562,115,112,0,0
0.00563,115,112,0,0
0.00564,115,111,0,0
0.00565,115,112,0,0
0.00566,115,112,0,0
0.00567,115,112,0,0
0.00568,115,112,0,0
0.00569,115,112,0,0
0.0057,115,112,0,0
0.00571,115,111,0,0
0.00572,115,112,0,0
0.00573,115,112,0,0
0.00574,116,112,0,0
0.00575,115,112,0,0
0.00576,115,112,0,0
0.00577,114,112,0,0
0.00578,115,112,0,0
0.00579,115,112,0,0
0.0058,115,112,0,0
0.00581,115,112,0,0
0.00582,115,112,0,0
0.00583,115,112,0,0
0.00584,115,112,0,0
0.00585,115,112,0,0
0.00586,115,112,0,0
0.00587,115,112,0,0
0.00588,115,112,0,0
0.00589,115,112,0,0
0.0059,115,112,0,0
0.00591,115,112,0,0
0.00592,115,112,0,0
0.00593,115,112,0,0
0.00594,115,112,0,0
0.00595,115,112,0,0
0.00596,115,112,0,0
0.00597,115,112,0,0
0.00598,115,112,0,0
0.00599,115,111,0,0
0.006,180,112,0,0
0.00601,180,111,0,0
0.00602,180,112,0,0
0.00603,180,112,0,0
0.00604,179,112,0,0
0.00605,180,111,0,0
0.00606,180,112,0,0
0.00607,179,111,0,0
0.00608,180,112,0,0
0.00609,179,112,0,0
0.0061,180,112,0,0
0.00611,180,111,0,0
0.00612,179,112,0,0
0.00613,179,112,0,0
0.00614,179,112,0,0
0.00615,180,111,0,0
0.00616,180,112,0,0
0.00617,179,112,0,0
0.00618,179,111,0,0
0.00619,179,111,0,0
0.0062,180,111,0,0
0.00621,180,112,0,0
0.00622,180,112,0,0
0.00623,180,112,0,0
0.00624,179,112,0,0
0.00625,180,112,0,0
0.00626,180,112,0,0
0.00627,180,111,0,0
0.00628,179,112,0,0
0.00629,180,111,0,0
0.0063,180,112,0,0
0.00631,180,112,0,0
0.00632,179,112,0,0
0.00633,180,111,0,0
0.00634,179,111,0,0
0.00635,179,112,0,0
0.00636,180,112,0,0
0.00637,179,111,0,0
0.00638,180,111,0,0
0.00639,179,112,0,0
0.0064,180,112,0,0
0.00641,180,112,0,0
0.00642,180,112,0,0
0.00643,180,112,0,0
0.00644,179,112,0,0
0.00645,180,112,0,0
0.00646,180,112,0,0
0.00647,180,112,0,0
0.00648,180,112,0,0
0.00649,179,112,0,0
0.0065,114,112,0,0
0.00651,115,112,0,0
0.00652,115,112,0,0
0.00653,115,112,0,0
0.00654,115,112,0,0
0.00655,115,112,0,0
0.00656,115,112,0,0
0.00657,115,112,0,0
0.00658,115,112,0,0
0.00659,115,112,0,0
0.0066,115,112,0,0
0.00661,115,112,0,0
0.00662,115,112,0,0
0.00663,115,112,0,0
0.00664,115,112,0,0
0.00665,115,112,0,0
0.00666,115,111,0,0
0.00667,115,112,0,0
0.00668,115,111,0,0
0.00669,115,112,0,0
0.0067,115,112,0,0
0.00671,115,112,0,0
0.00672,115,111,0,0
0.00673,115,112,0,0
0.00674,115,112,0,0
0.00675,115,112,0,0
0.00676,115,112,0,0
0.00677,115,112,0,0
0.00678,115,112,0,0
0.00679,115,112,0,0
0.0068,115,112,0,0
0.00681,115,112,0,0
0.00682,115,112,0,0
0.00683,115,112,0,0
0.00684,115,112,0,0
0.00685,115,112,0,0
0.00686,115,111,0,0
0.00687,115,112,0,0
0.00688,115,112,0,0
0.00689,115,112,0,0
0.0069,115,112,0,0
0.00691,115,112,0,0
0.00692,115,112,0,0
0.00693,115,112,0,0
0.00694,115,112,0,0
0.00695,115,112,0,0
0.00696,115,111,0,0
0.00697,115,112,0,0
0.00698,115,111,0,0
0.00699,115,112,0,0
0.007,179,112,0,0
0.00701,179,112,0,0
0.00702,180,112,0,0
0.00703,179,111,0,0
0.00704,179,112,0,0
0.00705,179,112,0,0
0.00706,179,112,0,0
0.00707,180,111,0,0
0.00708,180,112,0,0
0.00709,180,111,0,0
0.0071,179,112,0,0
0.00711,180,112,0,0
0.00712,180,112,0,0
0.00713,180,111,0,0
0.00714,180,112,0,0
0.00715,179,112,0,0
0.00716,180,112,0,0
0.00717,180,112,0,0
0.00718,180,112,0,0
0.00719,180,112,0,0
0.0072,179,112,0,0
0.00721,179,112,0,0
0.00722,179,112,0,0
0.00723,180,112,0,0
0.00724,179,112,0,0
0.00725,179,112,0,0
0.00726,179,112,0,0
0.00727,179,112,0,0
0.00728,180,112,0,0
0.00729,180,112,0,0
0.0073,179,112,0,0
0.00731,179,112,0,0
0.00732,180,111,0,0
0.00733,180,112,0,0
0.00734,180,112,0,0
0.00735,179,112,0,0
0.00736,180,112,0,0
0.00737,180,112,0,0
0.00738,180,112,0,0
0.00739,180,112,0,0
0.0074,179,112,0,0
0.00741,180,112,0,0
0.00742,180,112,0,0
0.00743,180,112,0,0
0.00744,180,112,0,0
0.00745,179,111,0,0
0.00746,179,112,0,0
0.00747,180,112,0,0
0.00748,180,111,0,0
0.00749,179,112,0,0
0.0075,115,111,0,0
0.00751,115,112,0,0
0.00752,115,112,0,0
0.00753,115,112,0,0
0.00754,115,112,0,0
0.00755,115,112,0,0
0.00756,115,112,0,0
0.00757,115,112,0,0
0.00758,115,112,0,0
0.00759,115,112,0,0
0.0076,115,112,0,0
0.00761,115,112,0,0
0.00762,115,112,0,0
0.00763,115,112,0,0
0.00764,116,112,0,0
0.00765,115,111,0,0
0.00766,115,112,0,0
0.00767,115,112,0,0
0.00768,115,112,0,0
0.00769,115,112,0,0
0.0077,115,112,0,0
0.00771,115,112,0,0
0.00772,115,112,0,0
0.00773,115,112,0,0
0.00774,115,111,0,0
0.00775,115,112,0,0
0.00776,115,111,0,0
0.00777,115,112,0,0
0.00778,115,112,0,0
0.00779,115,112,0,0
0.0078,115,112,0,0
0.00781,115,111,0,0
0.00782,115,111,0,0
0.00783,115,112,0,0
0.00784,115,112,0,0
0.00785,115,111,0,0
0.00786,115,111,0,0
0.00787,115,112,0,0
0.00788,115,111,0,0
0.00789,116,111,0,0
0.0079,115,112,0,0
0.00791,115,112,0,0
0.00792,115,112,0,0
0.00793,115,112,0,0
0.00794,115,112,0,0
0.00795,115,112,0,0
0.00796,115,111,0,0
0.00797,115,112,0,0
0.00798,115,112,0,0
0.00799,115,112,0,0
0.008,180,112,0,0
0.00801,179,112,0,0
0.00802,180,111,0,0
0.00803,180,112,0,0
0.00804,180,112,0,0
0.00805,180,111,0,0
0.00806,179,111,0,0
0.00807,179,111,0,0
0.00808,179,112,0,0
0.00809,180,112,0,0
0.0081,180,111,0,0
0.00811,179,112,0,0
0.00812,179,112,0,0
0.00813,179,112,0,0
0.00814,180,112,0,0
0.00815,180,112,0,0
0.00816,180,111,0,0
0.00817,179,112,0,0
0.00818,179,112,0,0
0.00819,180,112,0,0
0.0082,180,112,0,0
0.00821,180,112,0,0
0.00822,180,112,0,0
0.00823,180,112,0,0
0.00824,180,112,0,0
0.00825,180,112,0,0
0.00826,180,111,0,0
0.00827,179,112,0,0
0.00828,179,112,0,0
0.00829,180,112,0,0
0.0083,180,112,0,0
0.00831,179,112,0,0
0.00832,179,112,0,0
0.00833,179,112,0,0
0.00834,179,112,0,0
0.00835,180,112,0,0
0.00836,180,112,0,0
0.00837,180,111,0,0
0.00838,179,112,0,0
0.00839,179,112,0,0
0.0084,180,111,0,0
0.00841,180,112,0,0
0.00842,180,112,0,0
0.00843,180,111,0,0
0.00844,180,112,0,0
0.00845,180,112,0,0
0.00846,180,112,0,0
0.00847,180,112,0,0
0.00848,179,112,0,0
0.00849,179,112,0,0
0.0085,115,112,0,0
0.00851,115,112,0,0
0.00852,115,112,0,0
0.00853,115,112,0,0
0.00854,115,111,0,0
0.00855,115,111,0,0
0.00856,116,112,0,0
0.00857,115,112,0,0
0.00858,115,111,0,0
0.00859,115,112,0,0
0.0086,115,112,0,0
0.00861,115,111,0,0
0.00862,115,112,0,0
0.00863,115,111,0,0
0.00864,114,112,0,0
0.00865,115,111,0,0
0.00866,115,112,0,0
0.00867,115,112,0,0
0.00868,115,111,0,0
0.00869,115,112,0,0
0.0087,115,111,0,0
0.00871,115,112,0,0
0.00872,115,112,0,0
0.00873,115,112,0,0
0.00874,115,112,0,0
0.00875,115,112,0,0
0.00876,115,112,0,0
0.00877,115,112,0,0
0.00878,115,112,0,0
0.00879,115,112,0,0
0.0088,115,112,0,0
0.00881,115,111,0,0
0.00882,115,112,0,0
0.00883,115,112,0,0
0.00884,115,112,0,0
0.00885,115,111,0,0
0.00886,115,112,0,0
0.00887,115,112,0,0
0.00888,115,112,0,0
0.00889,115,111,0,0
0.0089,115,112,0,0
0.00891,115,111,0,0
0.00892,115,111,0,0
0.00893,115,112,0,0
0.00894,115,111,0,0
0.00895,115,112,0,0
0.00896,115,112,0,0
0.00897,115,112,0,0
0.00898,115,111,0,0
0.00899,115,112,0,0
0.009,180,112,0,0
0.00901,180,112,0,0
0.00902,180,112,0,0
0.00903,180,112,0,0
0.00904,180,111,0,0
0.00905,179,112,0,0
0.00906,180,112,0,0
0.00907,180,112,0,0
0.00908,180,112,0,0
0.00909,179,112,0,0
0.0091,179,111,0,0
0.00911,180,112,0,0
0.00912,180,112,0,0
0.00913,180,112,0,0
0.00914,179,112,0,0
0.00915,179,111,0,0
0.00916,180,111,0,0
0.00917,180,112,0,0
0.00918,180,111,0,0
0.00919,180,112,0,0
0.0092,179,112,0,0
0.00921,180,112,0,0
0.00922,179,112,0,0
0.00923,179,112,0,0
0.00924,179,111,0,0
0.00925,179,112,0,0
0.00926,180,112,0,0
0.00927,180,112,0,0
0.00928,180,112,0,0
0.00929,179,111,0,0
0.0093,179,112,0,0
0.00931,180,112,0,0
0.00932,180,112,0,0
0.00933,180,112,0,0
0.00934,180,112,0,0
0.00935,179,112,0,0
0.00936,180,112,0,0
0.00937,180,112,0,0
0.00938,180,112,0,0
0.00939,179,112,0,0
0.0094,180,111,0,0
0.00941,179,112,0,0
0.00942,180,112,0,0
0.00943,180,112,0,0
0.00944,179,112,0,0
0.00945,179,112,0,0
0.00946,179,111,0,0
0.00947,179,112,0,0
0.00948,180,112,0,0
0.00949,180,112,0,0
0.0095,115,112,0,0
0.00951,115,112,0,0
0.00952,115,112,0,0
0.00953,115,112,0,0
0.00954,115,112,0,0
0.00955,115,112,0,0
0.00956,115,112,0,0
0.00957,115,112,0,0
0.00958,115,112,0,0
0.00959,115,112,0,0
0.0096,115,112,0,0
0.00961,115,112,0,0
0.00962,115,112,0,0
0.00963,115,112,0,0
0.00964,115,111,0,0
0.00965,115,111,0,0
0.00966,115,111,0,0
0.00967,115,112,0,0
0.00968,115,112,0,0
0.00969,115,112,0,0
0.0097,115,112,0,0
0.00971,114,112,0,0
0.00972,115,111,0,0
0.00973,115,112,0,0
0.00974,115,112,0,0
0.00975,115,111,0,0
0.00976,115,111,0,0
0.00977,115,111,0,0
0.00978,115,111,0,0
0.00979,115,112,0,0
0.0098,115,112,0,0
0.00981,115,112,0,0
0.00982,115,112,0,0
0.00983,115,111,0,0
0.00984,115,111,0,0
0.00985,116,112,0,0
0.00986,115,112,0,0
0.00987,115,112,0,0
0.00988,115,112,0,0
0.00989,115,112,0,0
0.0099,115,112,0,0
0.00991,115,112,0,0
0.00992,115,112,0,0
0.00993,115,112,0,0
0.00994,115,112,0,0
0.00995,115,112,0,0
0.00996,115,112,0,0
0.00997,115,112,0,0
0.00998,115,111,0,0
0.00999,115,112,0,0
0.01,180,112,0,0
0.01001,179,112,0,0
0.01002,179,112,0,0
0.01003,179,112,0,0
0.01004,179,112,0,0
0.01005,180,111,0,0
0.01006,179,112,0,0
0.01007,180,112,0,0
0.01008,179,112,0,0
0.01009,180,112,0,0
0.0101,180,112,0,0
0.01011,180,112,0,0
0.01012,179,112,0,0
0.01013,180,112,0,0
0.01014,180,112,0,0
0.01015,180,112,0,0
0.01016,179,112,0,0
0.01017,179,111,0,0
0.01018,180,112,0,0
0.01019,180,112,0,0
0.0102,180,112,0,0
0.01021,180,112,0,0
0.01022,179,112,0,0
0.01023,179,112,0,0
0.01024,180,111,0,0
0.01025,180,112,0,0
0.01026,180,111,0,0
0.01027,179,112,0,0
0.01028,179,112,0,0
0.01029,180,112,0,0
0.0103,180,112,0,0
0.01031,179,112,0,0
0.01032,179,112,0,0
0.01033,179,112,0,0
0.01034,180,111,0,0
0.01035,180,111,0,0
0.01036,180,112,0,0
0.01037,180,112,0,0
0.01038,179,112,0,0
0.01039,180,112,0,0
0.0104,180,111,0,0
0.01041,180,112,0,0
0.01042,179,112,0,0
0.01043,180,112,0,0
0.01044,180,111,0,0
0.01045,180,111,0,0
0.01046,180,112,0,0
0.01047,180,112,0,0
0.01048,179,112,0,0
0.01049,179,112,0,0
0.0105,115,112,0,0
0.01051,116,112,0,0
0.01052,115,112,0,0
0.01053,115,112,0,0
0.01054,115,112,0,0
0.01055,115,112,0,0
0.01056,115,111,0,0
0.01057,115,112,0,0
0.01058,115,112,0,0
0.01059,115,112,0,0
0.0106,115,112,0,0
0.01061,115,112,0,0
0.01062,115,112,0,0
0.01063,115,112,0,0
0.01064,115,112,0,0
0.01065,115,112,0,0
0.01066,116,111,0,0
0.01067,115,112,0,0
0.01068,115,112,0,0
0.01069,115,112,0,0
0.0107,115,112,0,0
0.01071,116,112,0,0
0.01072,115,112,0,0
0.01073,115,112,0,0
0.01074,114,112,0,0
0.01075,115,111,0,0
0.01076,115,111,0,0
0.01077,115,112,0,0
0.01078,115,111,0,0
0.01079,115,112,0,0
0.0108,115,112,0,0
0.01081,115,111,0,0
0.01082,115,112,0,0
0.01083,115,112,0,0
0.01084,115,111,0,0
0.01085,115,112,0,0
0.01086,115,112,0,0
0.01087,115,112,0,0
0.01088,115,112,0,0
0.01089,115,112,0,0
0.0109,115,112,0,0
0.01091,115,112,0,0
0.01092,115,112,0,0
0.01093,115,112,0,0
0.01094,114,112,0,0
0.01095,115,112,0,0
0.01096,115,112,0,0
0.01097,115,112,0,0
0.01098,115,112,0,0
0.01099,115,112,0,0
0.011,180,111,0,0
0.01101,180,111,0,0
0.01102,180,112,0,0
0.01103,180,112,0,0
0.01104,179,112,0,0
0.01105,180,112,0,0
0.01106,180,112,0,0
0.01107,179,112,0,0
0.01108,179,112,0,0
0.01109,180,112,0,0
0.0111,179,112,0,0
0.01111,180,112,0,0
0.01112,180,112,0,0
0.01113,180,112,0,0
0.01114,179,112,0,0
0.01115,179,112,0,0
0.01116,179,111,0,0
0.01117,180,111,0,0
0.01118,180,112,0,0
0.01119,179,112,0,0
0.0112,179,112,0,0
0.01121,180,112,0,0
0.01122,180,112,0,0
0.01123,180,112,0,0
0.01124,180,111,0,0
0.01125,179,112,0,0
0.01126,180,112,0,0
0.01127,180,111,0,0
0.01128,180,112,0,0
0.01129,180,112,0,0
0.0113,179,112,0,0
0.01131,179,111,0,0
0.01132,180,112,0,0
0.01133,180,112,0,0
0.01134,179,111,0,0
0.01135,180,112,0,0
0.01136,179,111,0,0
0.01137,180,111,0,0
0.01138,180,112,0,0
0.01139,179,111,0,0
0.0114,179,112,0,0
0.01141,179,112,0,0
0.01142,179,112,0,0
0.01143,179,112,0,0
0.01144,179,112,0,0
0.01145,179,112,0,0
0.01146,179,112,0,0
0.01147,180,112,0,0
0.01148,180,112,0,0
0.01149,179,112,0,0
0.0115,115,112,0,0
0.01151,114,112,0,0
0.01152,115,111,0,0
0.01153,116,112,0,0
0.01154,115,112,0,0
0.01155,115,112,0,0
0.01156,115,112,0,0
0.01157,115,112,0,0
0.01158,115,112,0,0
0.01159,115,112,0,0
0.0116,115,112,0,0
0.01161,115,112,0,0
0.01162,115,112,0,0
0.01163,115,112,0,0
0.01164,115,112,0,0
0.01165,115,111,0,0
0.01166,115,112,0,0
0.01167,115,112,0,0
0.01168,115,112,0,0
0.01169,115,112,0,0
0.0117,115,112,0,0
0.01171,115,112,0,0
0.01172,114,112,0,0
0.01173,115,112,0,0
0.01174,115,112,0,0
0.01175,115,111,0,0
0.01176,115,112,0,0
0.01177,115,112,0,0
0.01178,115,112,0,0
0.01179,115,112,0,0
0.0118,115,112,0,0
0.01181,115,112,0,0
0.01182,115,112,0,0
0.01183,115,112,0,0
0.01184,115,112,0,0
0.01185,115,112,0,0
0.01186,115,111,0,0
0.01187,115,112,0,0
0.01188,115,112,0,0
0.01189,115,112,0,0
0.0119,115,112,0,0
0.01191,115,112,0,0
0.01192,115,112,0,0
0.01193,115,112,0,0
0.01194,115,112,0,0
0.01195,115,111,0,0
0.01196,115,112,0,0
0.01197,115,112,0,0
0.01198,115,112,0,0
0.01199,115,111,0,0
0.012,180,112,0,0
0.01201,179,111,0,0
0.01202,179,112,0,0
0.01203,179,112,0,0
0.01204,180,112,0,0
0.01205,180,112,0,0
0.01206,179,112,0,0
0.01207,179,112,0,0
0.01208,180,112,0,0
0.01209,180,112,0,0
0.0121,180,112,0,0
0.01211,179,112,0,0
0.01212,179,111,0,0
0.01213,180,112,0,0
0.01214,180,112,0,0
0.01215,179,112,0,0
0.01216,179,112,0,0
0.01217,179,112,0,0
0.01218,180,112,0,0
0.01219,180,112,0,0
0.0122,179,111,0,0
0.01221,179,112,0,0
0.01222,179,112,0,0
0.01223,179,112,0,0
0.01224,180,112,0,0
0.01225,179,112,0,0
0.01226,179,111,0,0
0.01227,179,111,0,0
0.01228,179,112,0,0
0.01229,180,112,0,0
0.0123,180,111,0,0
0.01231,180,112,0,0
0.01232,180,112,0,0
0.01233,179,112,0,0
0.01234,180,112,0,0
0.01235,180,112,0,0
0.01236,180,112,0,0
0.01237,180,112,0,0
0.01238,180,112,0,0
0.01239,180,111,0,0
0.0124,180,111,0,0
0.01241,180,112,0,0
0.01242,180,112,0,0
0.01243,179,112,0,0
0.01244,180,112,0,0
0.01245,180,112,0,0
0.01246,180,112,0,0
0.01247,179,111,0,0
0.01248,179,112,0,0
0.01249,180,111,0,0
0.0125,115,112,0,0
0.01251,115,111,0,0
0.01252,115,112,0,0
0.01253,115,112,0,0
0.01254,115,112,0,0
0.01255,115,112,0,0
0.01256,115,112,0,0
0.01257,115,112,0,0
0.01258,114,111,0,0
0.01259,115,112,0,0
0.0126,115,112,0,0
0.01261,115,112,0,0
0.01262,115,112,0,0
0.01263,115,112,0,0
0.01264,115,112,0,0
0.01265,116,112,0,0
0.01266,115,112,0,0
0.01267,115,112,0,0
0.01268,115,112,0,0
0.01269,115,112,0,0
0.0127,115,112,0,0
0.01271,115,112,0,0
0.01272,115,112,0,0
0.01273,115,112,0,0
0.01274,115,112,0,0
0.01275,115,112,0,0
0.01276,115,112,0,0
0.01277,115,112,0,0
0.01278,115,111,0,0
0.01279,115,111,0,0
0.0128,115,112,0,0
0.01281,115,112,0,0
0.01282,115,112,0,0
0.01283,115,111,0,0
0.01284,115,112,0,0
0.01285,115,112,0,0
0.01286,115,112,0,0
0.01287,115,112,0,0
0.01288,115,112,0,0
0.01289,115,112,0,0
0.0129,115,112,0,0
0.01291,115,112,0,0
0.01292,115,112,0,0
0.01293,115,111,0,0
0.01294,115,112,0,0
0.01295,115,112,0,0
0.01296,115,112,0,0
0.01297,115,112,0,0
0.01298,115,112,0,0
0.01299,115,112,0,0
0.013,180,111,0,0
0.01301,180,112,0,0
0.01302,179,112,0,0
0.01303,179,112,0,0
0.01304,179,111,0,0
0.01305,180,112,0,0
0.01306,180,111,0,0
0.01307,179,112,0,0
0.01308,179,111,0,0
0.01309,179,111,0,0
0.0131,180,111,0,0
0.01311,180,111,0,0
0.01312,180,112,0,0
0.01313,179,111,0,0
0.01314,179,112,0,0
0.01315,180,112,0,0
0.01316,180,112,0,0
0.01317,180,112,0,0
0.01318,180,112,0,0
0.01319,180,111,0,0
0.0132,180,112,0,0
0.01321,180,112,0,0
0.01322,180,111,0,0
0.01323,180,112,0,0
0.01324,180,112,0,0
0.01325,180,112,0,0
0.01326,180,112,0,0
0.01327,180,112,0,0
0.01328,180,112,0,0
0.01329,179,112,0,0
0.0133,180,112,0,0
0.01331,179,111,0,0
0.01332,180,112,0,0
0.01333,180,112,0,0
0.01334,179,112,0,0
0.01335,179,112,0,0
0.01336,180,112,0,0
0.01337,180,112,0,0
0.01338,180,112,0,0
0.01339,179,112,0,0
0.0134,180,112,0,0
0.01341,180,111,0,0
0.01342,180,112,0,0
0.01343,180,111,0,0
0.01344,180,112,0,0
0.01345,180,112,0,0
0.01346,180,112,0,0
0.01347,180,112,0,0
0.01348,180,112,0,0
0.01349,179,112,0,0
0.0135,115,112,0,0
0.01351,115,112,0,0
0.01352,115,111,0,0
0.01353,115,112,0,0
0.01354,115,112,0,0
0.01355,115,112,0,0
0.01356,115,112,0,0
0.01357,115,112,0,0
0.01358,115,112,0,0
0.01359,114,112,0,0
0.0136,115,112,0,0
0.01361,115,112,0,0
0.01362,115,112,0,0
0.01363,115,112,0,0
0.01364,115,112,0,0
0.01365,114,112,0,0
0.01366,115,112,0,0
0.01367,116,112,0,0
0.01368,115,112,0,0
0.01369,115,111,0,0
0.0137,115,112,0,0
0.01371,115,112,0,0
0.01372,115,112,0,0
0.01373,115,111,0,0
0.01374,115,112,0,0
0.01375,115,112,0,0
0.01376,115,112,0,0
0.01377,115,111,0,0
0.01378,115,112,0,0
0.01379,115,112,0,0
0.0138,115,112,0,0
0.01381,115,112,0,0
0.01382,115,112,0,0
0.01383,115,112,0,0
0.01384,115,111,0,0
0.01385,115,112,0,0
0.01386,115,112,0,0
0.01387,115,112,0,0
0.01388,115,112,0,0
0.01389,115,112,0,0
0.0139,115,112,0,0
0.01391,115,111,0,0
0.01392,115,112,0,0
0.01393,116,111,0,0
0.01394,115,112,0,0
0.01395,114,111,0,0
0.01396,115,112,0,0
0.01397,115,111,0,0
0.01398,115,112,0,0
0.01399,115,111,0,0
0.014,179,112,0,0
0.01401,180,112,0,0
0.01402,180,112,0,0
0.01403,180,112,0,0
0.01404,180,112,0,0
0.01405,179,112,0,0
0.01406,180,112,0,0
0.01407,180,112,0,0
0.01408,180,112,0,0
0.01409,179,111,0,0
0.0141,179,112,0,0
0.01411,179,112,0,0
0.01412,180,112,0,0
0.01413,180,112,0,0
0.01414,179,112,0,0
0.01415,179,112,0,0
0.01416,179,112,0,0
0.01417,180,112,0,0
0.01418,180,112,0,0
0.01419,179,112,0,0
0.0142,180,112,0,0
0.01421,179,112,0,0
0.01422,180,112,0,0
0.01423,180,112,0,0
0.01424,180,112,0,0
0.01425,179,112,0,0
0.01426,180,112,0,0
0.01427,180,112,0,0
0.01428,180,112,0,0
0.01429,180,112,0,0
0.0143,180,112,0,0
0.01431,179,112,0,0
0.01432,180,112,0,0
0.01433,180,112,0,0
0.01434,180,111,0,0
0.01435,180,112,0,0
0.01436,179,111,0,0
0.01437,180,112,0,0
0.01438,180,112,0,0
0.01439,180,111,0,0
0.0144,179,112,0,0
0.01441,179,112,0,0
0.01442,179,112,0,0
0.01443,180,112,0,0
0.01444,180,111,0,0
0.01445,179,112,0,0
0.01446,179,112,0,0
0.01447,179,112,0,0
0.01448,180,111,0,0
0.01449,180,111,0,0
0.0145,115,112,0,0
0.01451,115,112,0,0
0.01452,115,111,0,0
0.01453,115,112,0,0
0.01454,115,112,0,0
0.01455,115,112,0,0
0.01456,115,111,0,0
0.01457,115,112,0,0
0.01458,115,112,0,0
0.01459,116,111,0,0
0.0146,115,112,0,0
0.01461,115,112,0,0
0.01462,115,112,0,0
0.01463,115,111,0,0
0.01464,115,112,0,0
0.01465,115,112,0,0
0.01466,115,112,0,0
0.01467,115,112,0,0
0.01468,115,112,0,0
0.01469,115,112,0,0
0.0147,115,112,0,0
0.01471,115,112,0,0
0.01472,115,112,0,0
0.01473,115,112,0,0
0.01474,115,112,0,0
0.01475,115,111,0,0
0.01476,115,112,0,0
0.01477,115,112,0,0
0.01478,115,112,0,0
0.01479,115,112,0,0
0.0148,115,111,0,0
0.01481,115,112,0,0
0.01482,115,112,0,0
0.01483,115,111,0,0
0.01484,115,112,0,0
0.01485,115,112,0,0
0.01486,115,111,0,0
0.01487,115,112,0,0
0.01488,115,112,0,0
0.01489,116,112,0,0
0.0149,115,112,0,0
0.01491,115,112,0,0
0.01492,115,112,0,0
0.01493,115,112,0,0
0.01494,116,112,0,0
0.01495,115,112,0,0
0.01496,115,112,0,0
0.01497,115,111,0,0
0.01498,115,112,0,0
0.01499,115,112,0,0
0.015,180,112,0,0
0.01501,179,112,0,0
0.01502,179,112,0,0
0.01503,179,112,0,0
0.01504,180,112,0,0
0.01505,180,111,0,0
0.01506,179,112,0,0
0.01507,179,112,0,0
0.01508,179,112,0,0
0.01509,180,112,0,0
0.0151,180,112,0,0
0.01511,180,112,0,0
0.01512,180,112,0,0
0.01513,180,112,0,0
0.01514,180,112,0,0
0.01515,180,112,0,0
0.01516,180,112,0,0
0.01517,180,112,0,0
0.01518,179,112,0,0
0.01519,180,111,0,0
0.0152,180,112,0,0
0.01521,180,111,0,0
0.01522,179,112,0,0
0.01523,179,111,0,0
0.01524,180,111,0,0
0.01525,180,112,0,0
0.01526,180,112,0,0
0.01527,179,112,0,0
0.01528,179,112,0,0
0.01529,179,112,0,0
0.0153,180,112,0,0
0.01531,179,112,0,0
0.01532,179,112,0,0
0.01533,179,112,0,0
0.01534,180,111,0,0
0.01535,180,112,0,0
0.01536,180,112,0,0
0.01537,179,112,0,0
0.01538,180,111,0,0
0.01539,180,112,0,0
0.0154,180,112,0,0
0.01541,180,112,0,0
0.01542,179,112,0,0
0.01543,180,112,0,0
0.01544,179,111,0,0
0.01545,180,111,0,0
0.01546,180,112,0,0
0.01547,180,112,0,0
0.01548,179,112,0,0
0.01549,179,112,0,0
0.0155,115,112,0,0
0.01551,115,112,0,0
0.01552,116,111,0,0
0.01553,114,112,0,0
0.01554,115,112,0,0
0.01555,115,112,0,0
0.01556,115,112,0,0
0.01557,115,112,0,0
0.01558,115,112,0,0
0.01559,115,111,0,0
0.0156,115,112,0,0
0.01561,115,112,0,0
0.01562,115,112,0,0
0.01563,115,112,0,0
0.01564,115,111,0,0
0.01565,115,112,0,0
0.01566,115,112,0,0
0.01567,115,112,0,0
0.01568,115,112,0,0
0.01569,115,112,0,0
0.0157,115,111,0,0
0.01571,115,112,0,0
0.01572,115,111,0,0
0.01573,115,112,0,0
0.01574,115,112,0,0
0.01575,115,112,0,0
0.01576,115,111,0,0
0.01577,115,112,0,0
0.01578,115,112,0,0
0.01579,115,112,0,0
0.0158,115,111,0,0
0.01581,115,111,0,0
0.01582,115,112,0,0
0.01583,115,112,0,0
0.01584,115,112,0,0
0.01585,115,112,0,0
0.01586,115,111,0,0
0.01587,115,111,0,0
0.01588,115,112,0,0
0.01589,115,112,0,0
0.0159,115,112,0,0
0.01591,115,112,0,0
0.01592,115,112,0,0
0.01593,115,112,0,0
0.01594,115,112,0,0
0.01595,115,112,0,0
0.01596,115,112,0,0
0.01597,116,111,0,0
0.01598,115,112,0,0
0.01599,115,112,0,0
0.016,180,112,0,0
0.01601,180,112,0,0
0.01602,180,112,0,0
0.01603,180,112,0,0
0.01604,179,112,0,0
0.01605,179,111,0,0
0.01606,180,112,0,0
0.01607,180,112,0,0
0.01608,180,111,0,0
0.01609,179,112,0,0
0.0161,180,111,0,0
0.01611,180,112,0,0
0.01612,180,111,0,0
0.01613,180,112,0,0
0.01614,179,112,0,0
0.01615,180,111,0,0
0.01616,179,111,0,0
0.01617,180,112,0,0
0.01618,180,111,0,0
0.01619,179,112,0,0
0.0162,180,112,0,0
0.01621,179,112,0,0
0.01622,180,112,0,0
0.01623,180,112,0,0
0.01624,180,111,0,0
0.01625,180,111,0,0
0.01626,180,112,0,0
0.01627,180,112,0,0
0.01628,180,112,0,0
0.01629,180,112,0,0
0.0163,179,112,0,0
0.01631,180,111,0,0
0.01632,180,112,0,0
0.01633,180,112,0,0
0.01634,180,112,0,0
0.01635,179,112,0,0
0.01636,179,112,0,0
0.01637,179,112,0,0
0.01638,180,112,0,0
0.01639,179,112,0,0
0.0164,179,112,0,0
0.01641,179,111,0,0
0.01642,180,112,0,0
0.01643,180,112,0,0
0.01644,180,112,0,0
0.01645,179,112,0,0
0.01646,179,112,0,0
0.01647,180,112,0,0
0.01648,180,112,0,0
0.01649,180,112,0,0
0.0165,115,112,0,0
0.01651,115,112,0,0
0.01652,115,112,0,0
0.01653,115,112,0,0
0.01654,115,112,0,0
0.01655,115,112,0,0
0.01656,115,112,0,0
0.01657,115,112,0,0
0.01658,115,112,0,0
0.01659,115,112,0,0
0.0166,115,111,0,0
0.01661,115,112,0,0
0.01662,115,112,0,0
0.01663,115,112,0,0
0.01664,115,112,0,0
0.01665,115,112,0,0
0.01666,115,111,0,0
0.01667,114,112,0,0
0.01668,115,112,0,0
0.01669,115,112,0,0
0.0167,115,112,0,0
0.01671,115,112,0,0
0.01672,115,112,0,0
0.01673,115,112,0,0
0.01674,115,111,0,0
0.01675,115,112,0,0
0.01676,115,112,0,0
0.01677,115,112,0,0
0.01678,115,111,0,0
0.01679,115,112,0,0
0.0168,115,112,0,0
0.01681,115,112,0,0
0.01682,115,112,0,0
0.01683,115,112,0,0
0.01684,116,112,0,0
0.01685,115,112,0,0
0.01686,115,112,0,0
0.01687,115,112,0,0
0.01688,115,112,0,0
0.01689,115,112,0,0
0.0169,115,111,0,0
0.01691,115,111,0,0
0.01692,115,112,0,0
0.01693,114,112,0,0
0.01694,115,112,0,0
0.01695,115,112,0,0
0.01696,115,112,0,0
0.01697,115,111,0,0
0.01698,115,112,0,0
0.01699,115,112,0,0
0.017,180,112,0,0
0.01701,180,112,0,0
0.01702,179,112,0,0
0.01703,179,111,0,0
0.01704,180,111,0,0
0.01705,180,112,0,0
0.01706,180,112,0,0
0.01707,180,112,0,0
0.01708,179,112,0,0
0.01709,180,112,0,0
0.0171,180,111,0,0
0.01711,180,112,0,0
0.01712,180,112,0,0
0.01713,179,111,0,0
0.01714,180,112,0,0
0.01715,180,112,0,0
0.01716,180,112,0,0
0.01717,179,111,0,0
0.01718,179,112,0,0
0.01719,179,112,0,0
0.0172,180,112,0,0
0.01721,180,112,0,0
0.01722,179,112,0,0
0.01723,179,111,0,0
0.01724,179,111,0,0
0.01725,179,112,0,0
0.01726,180,112,0,0
0.01727,179,112,0,0
0.01728,179,112,0,0
0.01729,179,111,0,0
0.0173,180,112,0,0
0.01731,180,112,0,0
0.01732,179,112,0,0
0.01733,179,112,0,0
0.01734,179,112,0,0
0.01735,180,112,0,0
0.01736,180,112,0,0
0.01737,180,112,0,0
0.01738,179,111,0,0
0.01739,179,112,0,0
0.0174,179,112,0,0
0.01741,180,112,0,0
0.01742,179,112,0,0
0.01743,179,112,0,0
0.01744,179,112,0,0
0.01745,180,112,0,0
0.01746,180,112,0,0
0.01747,179,112,0,0
0.01748,179,112,0,0
0.01749,179,111,0,0
0.0175,115,112,0,0
0.01751,116,112,0,0
0.01752,115,112,0,0
0.01753,115,112,0,0
0.01754,115,112,0,0
0.01755,115,112,0,0
0.01756,115,111,0,0
0.01757,115,112,0,0
0.01758,115,112,0,0
0.01759,115,111,0,0
0.0176,115,112,0,0
0.01761,116,112,0,0
0.01762,115,112,0,0
0.01763,115,112,0,0
0.01764,115,112,0,0
0.01765,115,112,0,0
0.01766,116,112,0,0
0.01767,115,112,0,0
0.01768,115,112,0,0
0.01769,115,112,0,0
0.0177,115,112,0,0
0.01771,115,112,0,0
0.01772,115,112,0,0
0.01773,115,112,0,0
0.01774,115,112,0,0
0.01775,115,112,0,0
0.01776,115,112,0,0
0.01777,115,112,0,0
0.01778,115,111,0,0
0.01779,115,112,0,0
0.0178,115,112,0,0
0.01781,115,112,0,0
0.01782,115,112,0,0
0.01783,115,112,0,0
0.01784,115,112,0,0
0.01785,115,112,0,0
0.01786,115,112,0,0
0.01787,115,112,0,0
0.01788,115,112,0,0
0.01789,115,112,0,0
0.0179,115,112,0,0
0.01791,115,112,0,0
0.01792,115,112,0,0
0.01793,115,111,0,0
0.01794,115,111,0,0
0.01795,115,111,0,0
0.01796,115,111,0,0
0.01797,115,112,0,0
0.01798,115,112,0,0
0.01799,115,112,0,0
0.018,179,112,0,0
0.01801,179,112,0,0
0.01802,180,112,0,0
0.01803,180,112,0,0
0.01804,179,111,0,0
0.01805,179,112,0,0
0.01806,179,112,0,0
0.01807,180,111,0,0
0.01808,180,112,0,0
0.01809,179,111,0,0
0.0181,179,111,0,0
0.01811,179,112,0,0
0.01812,180,112,0,0
0.01813,180,112,0,0
0.01814,180,112,0,0
0.01815,179,112,0,0
0.01816,179,112,0,0
0.01817,180,112,0,0
0.01818,180,111,0,0
0.01819,180,112,0,0
0.0182,179,112,0,0
0.01821,179,112,0,0
0.01822,180,112,0,0
0.01823,180,112,0,0
0.01824,180,112,0,0
0.01825,179,112,0,0
0.01826,180,112,0,0
0.01827,180,112,0,0
0.01828,180,112,0,0
0.01829,179,111,0,0
0.0183,179,111,0,0
0.01831,179,112,0,0
0.01832,180,112,0,0
0.01833,179,112,0,0
0.01834,180,112,0,0
0.01835,179,112,0,0
0.01836,179,112,0,0
0.01837,179,112,0,0
0.01838,180,112,0,0
0.01839,180,112,0,0
0.0184,179,112,0,0
0.01841,179,112,0,0
0.01842,179,112,0,0
0.01843,180,112,0,0
0.01844,179,112,0,0
0.01845,180,112,0,0
0.01846,179,112,0,0
0.01847,179,112,0,0
0.01848,180,112,0,0
0.01849,180,112,0,0
0.0185,115,112,0,0
0.01851,115,111,0,0
0.01852,115,112,0,0
0.01853,115,112,0,0
0.01854,115,112,0,0
0.01855,115,112,0,0
0.01856,115,112,0,0
0.01857,115,112,0,0
0.01858,115,111,0,0
0.01859,115,112,0,0
0.0186,115,112,0,0
0.01861,115,112,0,0
0.01862,115,112,0,0
0.01863,115,112,0,0
0.01864,115,112,0,0
0.01865,115,112,0,0
0.01866,115,112,0,0
0.01867,115,112,0,0
0.01868,115,111,0,0
0.01869,115,112,0,0
0.0187,115,112,0,0
0.01871,115,112,0,0
0.01872,115,112,0,0
0.01873,116,112,0,0
0.01874,115,112,0,0
0.01875,115,112,0,0
0.01876,115,112,0,0
0.01877,115,112,0,0
0.01878,115,112,0,0
0.01879,115,112,0,0
0.0188,115,112,0,0
0.01881,115,112,0,0
0.01882,115,112,0,0
0.01883,115,112,0,0
0.01884,115,112,0,0
0.01885,115,112,0,0
0.01886,115,112,0,0
0.01887,115,111,0,0
0.01888,115,112,0,0
0.01889,115,112,0,0
0.0189,115,111,0,0
0.01891,115,112,0,0
0.01892,115,112,0,0
0.01893,115,112,0,0
0.01894,115,112,0,0
0.01895,115,112,0,0
0.01896,115,112,0,0
0.01897,115,112,0,0
0.01898,115,112,0,0
0.01899,115,112,0,0
0.019,180,112,0,0
0.01901,179,112,0,0
0.01902,179,112,0,0
0.01903,179,112,0,0
0.01904,180,112,0,0
0.01905,180,112,0,0
0.01906,180,112,0,0
0.01907,179,112,0,0
0.01908,179,111,0,0
0.01909,180,112,0,0
0.0191,180,112,0,0
0.01911,180,111,0,0
0.01912,179,112,0,0
0.01913,179,112,0,0
0.01914,180,112,0,0
0.01915,180,112,0,0
0.01916,180,112,0,0
0.01917,179,112,0,0
0.01918,179,112,0,0
0.01919,180,112,0,0
0.0192,180,111,0,0
0.01921,180,112,0,0
0.01922,179,112,0,0
0.01923,180,112,0,0
0.01924,180,112,0,0
0.01925,180,111,0,0
0.01926,180,112,0,0
0.01927,179,111,0,0
0.01928,179,112,0,0
0.01929,180,112,0,0
0.0193,180,112,0,0
0.01931,180,111,0,0
0.01932,179,112,0,0
0.01933,179,111,0,0
0.01934,180,112,0,0
0.01935,180,112,0,0
0.01936,180,111,0,0
0.01937,179,111,0,0
0.01938,179,112,0,0
0.01939,180,112,0,0
0.0194,180,112,0,0
0.01941,180,112,0,0
0.01942,179,112,0,0
0.01943,179,112,0,0
0.01944,179,112,0,0
0.01945,180,112,0,0
0.01946,180,112,0,0
0.01947,179,112,0,0
0.01948,179,112,0,0
0.01949,180,111,0,0
0.0195,115,112,0,0
0.01951,115,112,0,0
0.01952,115,111,0,0
0.01953,115,112,0,0
0.01954,115,111,0,0
0.01955,115,111,0,0
0.01956,116,112,0,0
0.01957,115,112,0,0
0.01958,115,111,0,0
0.01959,115,112,0,0
0.0196,115,112,0,0
0.01961,116,112,0,0
0.01962,115,112,0,0
0.01963,115,112,0,0
0.01964,115,112,0,0
0.01965,115,112,0,0
0.01966,116,112,0,0
0.01967,115,112,0,0
0.01968,115,112,0,0
0.01969,115,112,0,0
0.0197,115,112,0,0
0.01971,116,112,0,0
0.01972,115,112,0,0
0.01973,115,112,0,0
0.01974,115,112,0,0
0.01975,115,112,0,0
0.01976,115,112,0,0
0.01977,115,112,0,0
0.01978,115,112,0,0
0.01979,115,112,0,0
0.0198,115,112,0,0
0.01981,115,112,0,0
0.01982,115,111,0,0
0.01983,115,112,0,0
0.01984,115,112,0,0
0.01985,115,112,0,0
0.01986,115,112,0,0
0.01987,115,112,0,0
0.01988,115,112,0,0
0.01989,115,112,0,0
0.0199,115,112,0,0
0.01991,115,112,0,0
0.01992,115,112,0,0
0.01993,115,112,0,0
0.01994,115,112,0,0
0.01995,115,112,0,0
0.01996,115,112,0,0
0.01997,115,112,0,0
0.01998,115,111,0,0
0.01999,114,112,0,0
0.02,179,112,0,0
0.02001,180,111,0,0
0.02002,180,112,0,0
0.02003,179,112,0,0
0.02004,179,112,0,0
0.02005,179,112,0,0
0.02006,180,112,0,0
0.02007,180,112,0,0
0.02008,179,111,0,0
0.02009,179,112,0,0
0.0201,179,111,0,0
0.02011,180,112,0,0
0.02012,180,111,0,0
0.02013,180,112,0,0
0.02014,179,112,0,0
0.02015,179,112,0,0
0.02016,180,112,0,0
0.02017,180,111,0,0
0.02018,179,112,0,0
0.02019,179,112,0,0
0.0202,180,112,0,0
0.02021,180,112,0,0
0.02022,179,112,0,0
0.02023,180,112,0,0
0.02024,179,112,0,0
0.02025,179,112,0,0
0.02026,180,112,0,0
0.02027,180,111,0,0
0.02028,180,112,0,0
0.02029,179,112,0,0
0.0203,179,112,0,0
0.02031,179,112,0,0
0.02032,180,111,0,0
0.02033,180,112,0,0
0.02034,179,112,0,0
0.02035,179,112,0,0
0.02036,179,112,0,0
0.02037,180,112,0,0
0.02038,180,112,0,0
0.02039,179,111,0,0
0.0204,179,112,0,0
0.02041,180,112,0,0
0.02042,180,112,0,0
0.02043,180,112,0,0
0.02044,179,112,0,0
0.02045,179,112,0,0
0.02046,180,112,0,0
0.02047,180,112,0,0
0.02048,180,112,0,0
0.02049,179,112,0,0
0.0205,115,111,0,0
0.02051,115,112,0,0
0.02052,115,112,0,0
0.02053,115,112,0,0
0.02054,115,112,0,0
0.02055,115,112,0,0
0.02056,115,112,0,0
0.02057,115,112,0,0
0.02058,115,112,0,0
0.02059,115,112,0,0
0.0206,115,112,0,0
0.02061,115,112,0,0
0.02062,115,112,0,0
0.02063,115,112,0,0
0.02064,115,112,0,0
0.02065,115,112,0,0
0.02066,115,112,0,0
0.02067,115,112,0,0
0.02068,115,112,0,0
0.02069,115,111,0,0
0.0207,115,112,0,0
0.02071,115,112,0,0
0.02072,115,112,0,0
0.02073,115,112,0,0
0.02074,115,112,0,0
0.02075,115,112,0,0
0.02076,115,112,0,0
0.02077,115,112,0,0
0.02078,115,111,0,0
0.02079,115,112,0,0
0.0208,115,112,0,0
0.02081,115,111,0,0
0.02082,115,112,0,0
0.02083,115,112,0,0
0.02084,115,112,0,0
0.02085,115,112,0,0
0.02086,114,112,0,0
0.02087,115,112,0,0
0.02088,115,111,0,0
0.02089,115,112,0,0
0.0209,115,112,0,0
0.02091,115,112,0,0
0.02092,115,112,0,0
0.02093,115,112,0,0
0.02094,115,111,0,0
0.02095,115,112,0,0
0.02096,115,111,0,0
0.02097,115,112,0,0
0.02098,115,112,0,0
0.02099,116,112,0,0
0.021,180,112,0,0
0.02101,179,111,0,0
0.02102,179,111,0,0
0.02103,180,112,0,0
0.02104,180,112,0,0
0.02105,180,111,0,0
0.02106,179,111,0,0
0.02107,179,112,0,0
0.02108,180,112,0,0
0.02109,180,112,0,0
0.0211,179,112,0,0
0.02111,179,112,0,0
0.02112,179,112,0,0
0.02113,179,112,0,0
0.02114,180,112,0,0
0.02115,180,112,0,0
0.02116,180,112,0,0
0.02117,179,112,0,0
0.02118,179,112,0,0
0.02119,180,112,0,0
0.0212,180,112,0,0
0.02121,179,112,0,0
0.02122,179,112,0,0
0.02123,180,112,0,0
0.02124,180,112,0,0
0.02125,180,112,0,0
0.02126,179,112,0,0
0.02127,180,112,0,0
0.02128,180,112,0,0
0.02129,180,112,0,0
0.0213,180,112,0,0
0.02131,180,112,0,0
0.02132,180,112,0,0
0.02133,179,112,0,0
0.02134,180,112,0,0
0.02135,180,112,0,0
0.02136,180,111,0,0
0.02137,179,112,0,0
0.02138,180,111,0,0
0.02139,180,112,0,0
0.0214,180,112,0,0
0.02141,179,111,0,0
0.02142,179,112,0,0
0.02143,179,111,0,0
0.02144,179,112,0,0
0.02145,180,111,0,0
0.02146,180,112,0,0
0.02147,179,112,0,0
0.02148,179,112,0,0
0.02149,180,112,0,0
0.0215,115,112,0,0
0.02151,115,112,0,0
0.02152,115,112,0,0
0.02153,115,112,0,0
0.02154,115,111,0,0
0.02155,115,112,0,0
0.02156,115,112,0,0
0.02157,115,112,0,0
0.02158,114,112,0,0
0.02159,115,112,0,0
0.0216,115,112,0,0
0.02161,115,112,0,0
0.02162,115,112,0,0
0.02163,115,112,0,0
0.02164,115,112,0,0
0.02165,115,112,0,0
0.02166,115,112,0,0
0.02167,115,112,0,0
0.02168,115,112,0,0
0.02169,115,112,0,0
0.0217,115,112,0,0
0.02171,115,112,0,0
0.02172,115,112,0,0
0.02173,115,112,0,0
0.02174,114,112,0,0
0.02175,115,112,0,0
0.02176,115,111,0,0
0.02177,115,111,0,0
0.02178,115,112,0,0
0.02179,115,112,0,0
0.0218,115,112,0,0
0.02181,115,112,0,0
0.02182,115,112,0,0
0.02183,115,112,0,0
0.02184,115,112,0,0
0.02185,115,112,0,0
0.02186,115,112,0,0
0.02187,115,112,0,0
0.02188,115,112,0,0
0.02189,115,111,0,0
0.0219,115,112,0,0
0.02191,115,112,0,0
0.02192,115,111,0,0
0.02193,115,112,0,0
0.02194,115,111,0,0
0.02195,115,112,0,0
0.02196,115,112,0,0
0.02197,115,112,0,0
0.02198,115,111,0,0
0.02199,115,112,0,0
0.022,180,111,0,0
0.02201,180,112,0,0
0.02202,180,112,0,0
0.02203,179,112,0,0
0.02204,179,111,0,0
0.02205,179,111,0,0
0.02206,180,112,0,0
0.02207,180,112,0,0
0.02208,180,112,0,0
0.02209,180,112,0,0
0.0221,180,112,0,0
0.02211,180,112,0,0
0.02212,180,112,0,0
0.02213,179,111,0,0
0.02214,179,112,0,0
0.02215,179,111,0,0
0.02216,180,112,0,0
0.02217,180,112,0,0
0.02218,180,112,0,0
0.02219,179,112,0,0
0.0222,179,112,0,0
0.02221,180,112,0,0
0.02222,180,112,0,0
0.02223,180,112,0,0
0.02224,179,111,0,0
0.02225,179,112,0,0
0.02226,180,112,0,0
0.02227,180,112,0,0
0.02228,180,112,0,0
0.02229,180,112,0,0
0.0223,179,111,0,0
0.02231,180,112,0,0
0.02232,180,112,0,0
0.02233,180,112,0,0
0.02234,180,112,0,0
0.02235,179,112,0,0
0.02236,180,111,0,0
0.02237,180,112,0,0
0.02238,180,112,0,0
0.02239,180,112,0,0
0.0224,180,112,0,0
0.02241,180,112,0,0
0.02242,180,112,0,0
0.02243,180,112,0,0
0.02244,180,111,0,0
0.02245,179,112,0,0
0.02246,179,112,0,0
0.02247,180,112,0,0
0.02248,180,111,0,0
0.02249,179,111,0,0
0.0225,114,112,0,0
0.02251,115,112,0,0
0.02252,115,112,0,0
0.02253,115,111,0,0
0.02254,115,112,0,0
0.02255,115,111,0,0
0.02256,114,112,0,0
0.02257,115,112,0,0
0.02258,115,112,0,0
0.02259,115,112,0,0
0.0226,115,112,0,0
0.02261,115,112,0,0
0.02262,115,112,0,0
0.02263,115,112,0,0
0.02264,115,112,0,0
0.02265,115,112,0,0
0.02266,115,112,0,0
0.02267,115,112,0,0
0.02268,115,112,0,0
0.02269,115,112,0,0
0.0227,115,112,0,0
0.02271,115,112,0,0
0.02272,115,111,0,0
0.02273,115,111,0,0
0.02274,115,112,0,0
0.02275,115,111,0,0
0.02276,114,112,0,0
0.02277,115,112,0,0
0.02278,115,112,0,0
0.02279,115,112,0,0
0.0228,114,112,0,0
0.02281,115,112,0,0
0.02282,115,112,0,0
0.02283,115,112,0,0
0.02284,115,112,0,0
0.02285,115,111,0,0
0.02286,115,112,0,0
0.02287,115,112,0,0
0.02288,115,111,0,0
0.02289,115,112,0,0
0.0229,115,112,0,0
0.02291,115,112,0,0
0.02292,115,112,0,0
0.02293,115,111,0,0
0.02294,115,112,0,0
0.02295,115,112,0,0
0.02296,115,112,0,0
0.02297,115,112,0,0
0.02298,115,112,0,0
0.02299,116,112,0,0
0.023,179,112,0,0
0.02301,179,112,0,0
0.02302,179,112,0,0
0.02303,180,112,0,0
0.02304,180,112,0,0
0.02305,179,112,0,0
0.02306,179,111,0,0
0.02307,179,112,0,0
0.02308,180,111,0,0
0.02309,179,111,0,0
0.0231,180,111,0,0
0.02311,179,112,0,0
0.02312,179,112,0,0
0.02313,180,112,0,0
0.02314,180,112,0,0
0.02315,180,112,0,0
0.02316,179,111,0,0
0.02317,179,112,0,0
0.02318,180,112,0,0
0.02319,180,112,0,0
0.0232,180,112,0,0
0.02321,180,112,0,0
0.02322,179,111,0,0
0.02323,180,112,0,0
0.02324,180,112,0,0
0.02325,180,112,0,0
0.02326,180,112,0,0
0.02327,179,112,0,0
0.02328,180,112,0,0
0.02329,180,112,0,0
0.0233,180,112,0,0
0.02331,179,112,0,0
0.02332,179,112,0,0
0.02333,179,112,0,0
0.02334,180,112,0,0
0.02335,180,112,0,0
0.02336,179,112,0,0
0.02337,179,112,0,0
0.02338,179,111,0,0
0.02339,179,112,0,0
0.0234,180,111,0,0
0.02341,179,112,0,0
0.02342,179,112,0,0
0.02343,179,112,0,0
0.02344,180,112,0,0
0.02345,180,112,0,0
0.02346,179,112,0,0
0.02347,179,112,0,0
0.02348,180,112,0,0
0.02349,180,112,0,0
0.0235,116,112,0,0
0.02351,115,111,0,0
0.02352,115,112,0,0
0.02353,115,111,0,0
0.02354,115,112,0,0
0.02355,115,112,0,0
0.02356,115,112,0,0
0.02357,115,111,0,0
0.02358,115,112,0,0
0.02359,115,112,0,0
0.0236,115,111,0,0
0.02361,115,111,0,0
0.02362,115,112,0,0
0.02363,115,112,0,0
0.02364,115,112,0,0
0.02365,115,112,0,0
0.02366,115,112,0,0
0.02367,115,112,0,0
0.02368,115,112,0,0
0.02369,115,112,0,0
0.0237,115,112,0,0
0.02371,115,112,0,0
0.02372,115,112,0,0
0.02373,115,111,0,0
0.02374,115,112,0,0
0.02375,115,112,0,0
0.02376,116,112,0,0
0.02377,115,112,0,0
0.02378,115,112,0,0
0.02379,115,112,0,0
0.0238,115,112,0,0
0.02381,115,111,0,0
0.02382,115,112,0,0
0.02383,115,112,0,0
0.02384,115,112,0,0
0.02385,115,112,0,0
0.02386,115,112,0,0
0.02387,115,112,0,0
0.02388,115,112,0,0
0.02389,115,111,0,0
0.0239,115,111,0,0
0.02391,115,111,0,0
0.02392,115,111,0,0
0.02393,115,112,0,0
0.02394,115,112,0,0
0.02395,115,112,0,0
0.02396,115,112,0,0
0.02397,115,111,0,0
0.02398,115,112,0,0
0.02399,115,112,0,0
0.024,180,112,0,0
0.02401,180,112,0,0
0.02402,180,111,0,0
0.02403,179,112,0,0
0.02404,179,112,0,0
0.02405,180,112,0,0
0.02406,180,111,0,0
0.02407,179,111,0,0
0.02408,179,112,0,0
0.02409,179,112,0,0
0.0241,180,112,0,0
0.02411,180,112,0,0
0.02412,179,112,0,0
0.02413,179,112,0,0
0.02414,179,112,0,0
0.02415,180,112,0,0
0.02416,180,111,0,0
0.02417,180,111,0,0
0.02418,179,112,0,0
0.02419,180,112,0,0
0.0242,180,112,0,0
0.02421,180,112,0,0
0.02422,180,112,0,0
0.02423,179,112,0,0
0.02424,179,111,0,0
0.02425,180,112,0,0
0.02426,180,112,0,0
0.02427,180,112,0,0
0.02428,179,112,0,0
0.02429,179,112,0,0
0.0243,180,112,0,0
0.02431,180,112,0,0
0.02432,180,112,0,0
0.02433,180,112,0,0
0.02434,180,112,0,0
0.02435,180,112,0,0
0.02436,180,112,0,0
0.02437,180,112,0,0
0.02438,180,112,0,0
0.02439,179,112,0,0
0.0244,180,111,0,0
0.02441,180,111,0,0
0.02442,180,112,0,0
0.02443,180,112,0,0
0.02444,179,111,0,0
0.02445,180,112,0,0
0.02446,180,112,0,0
0.02447,179,111,0,0
0.02448,180,112,0,0
0.02449,179,112,0,0
0.0245,115,111,0,0
0.02451,115,112,0,0
0.02452,115,112,0,0
0.02453,115,112,0,0
0.02454,115,112,0,0
0.02455,115,112,0,0
0.02456,115,112,0,0
0.02457,115,112,0,0
0.02458,115,112,0,0
0.02459,115,112,0,0
0.0246,115,112,0,0
0.02461,116,112,0,0
0.02462,115,112,0,0
0.02463,115,112,0,0
0.02464,115,112,0,0
0.02465,115,111,0,0
0.02466,115,111,0,0
0.02467,115,112,0,0
0.02468,115,112,0,0
0.02469,115,112,0,0
0.0247,115,112,0,0
0.02471,115,112,0,0
0.02472,115,112,0,0
0.02473,115,112,0,0
0.02474,115,112,0,0
0.02475,115,112,0,0
0.02476,115,112,0,0
0.02477,115,112,0,0
0.02478,115,112,0,0
0.02479,115,112,0,0
0.0248,115,112,0,0
0.02481,116,111,0,0
0.02482,115,112,0,0
0.02483,115,112,0,0
0.02484,115,112,0,0
0.02485,115,112,0,0
0.02486,115,112,0,0
0.02487,115,112,0,0
0.02488,115,111,0,0
0.02489,115,112,0,0
0.0249,115,112,0,0
0.02491,115,112,0,0
0.02492,115,111,0,0
0.02493,115,112,0,0
0.02494,115,112,0,0
0.02495,115,111,0,0
0.02496,115,112,0,0
0.02497,115,112,0,0
0.02498,115,112,0,0
0.02499,115,112,0,0
0.025,180,112,0,0
0.02501,179,111,0,0
0.02502,179,111,0,0
0.02503,179,112,0,0
0.02504,179,112,0,0
0.02505,179,112,0,0
0.02506,179,112,0,0
0.02507,180,111,0,0
0.02508,180,111,0,0
0.02509,179,112,0,0
0.0251,179,112,0,0
0.02511,179,112,0,0
0.02512,180,112,0,0
0.02513,180,112,0,0
0.02514,180,112,0,0
0.02515,179,112,0,0
0.02516,180,112,0,0
0.02517,180,112,0,0
0.02518,180,111,0,0
0.02519,180,112,0,0
0.0252,180,112,0,0
0.02521,179,112,0,0
0.02522,180,112,0,0
0.02523,179,112,0,0
0.02524,180,112,0,0
0.02525,180,112,0,0
0.02526,179,112,0,0
0.02527,180,112,0,0
0.02528,180,112,0,0
0.02529,179,112,0,0
0.0253,179,112,0,0
0.02531,179,112,0,0
0.02532,180,112,0,0
0.02533,180,111,0,0
0.02534,179,112,0,0
0.02535,179,112,0,0
0.02536,179,111,0,0
0.02537,180,112,0,0
0.02538,180,112,0,0
0.02539,179,112,0,0
0.0254,179,112,0,0
0.02541,179,112,0,0
0.02542,180,112,0,0
0.02543,180,112,0,0
0.02544,180,112,0,0
0.02545,180,112,0,0
0.02546,180,112,0,0
0.02547,180,112,0,0
0.02548,180,112,0,0
0.02549,180,112,0,0
0.0255,115,112,0,0
0.02551,114,112,0,0
0.02552,115,112,0,0
0.02553,115,112,0,0
0.02554,115,111,0,0
0.02555,115,112,0,0
0.02556,115,112,0,0
0.02557,115,111,0,0
0.02558,115,112,0,0
0.02559,115,112,0,0
0.0256,115,112,0,0
0.02561,115,111,0,0
0.02562,115,111,0,0
0.02563,115,111,0,0
0.02564,115,112,0,0
0.02565,115,112,0,0
0.02566,115,111,0,0
0.02567,115,112,0,0
0.02568,115,112,0,0
0.02569,115,112,0,0
0.0257,115,112,0,0
0.02571,115,112,0,0
0.02572,115,112,0,0
0.02573,115,112,0,0
0.02574,115,112,0,0
0.02575,115,112,0,0
0.02576,115,112,0,0
0.02577,115,112,0,0
0.02578,115,112,0,0
0.02579,116,111,0,0
0.0258,115,112,0,0
0.02581,115,112,0,0
0.02582,115,112,0,0
0.02583,116,112,0,0
0.02584,115,112,0,0
0.02585,115,112,0,0
0.02586,115,112,0,0
0.02587,115,112,0,0
0.02588,115,111,0,0
0.02589,115,112,0,0
0.0259,115,111,0,0
0.02591,115,112,0,0
0.02592,115,112,0,0
0.02593,115,112,0,0
0.02594,115,112,0,0
0.02595,115,112,0,0
0.02596,115,112,0,0
0.02597,115,112,0,0
0.02598,115,112,0,0
0.02599,116,112,0,0
0.026,180,111,0,0
0.02601,180,112,0,0
0.02602,180,111,0,0
0.02603,180,112,0,0
0.02604,180,112,0,0
0.02605,180,112,0,0
0.02606,180,112,0,0
0.02607,179,111,0,0
0.02608,179,112,0,0
0.02609,180,112,0,0
0.0261,180,112,0,0
0.02611,179,111,0,0
0.02612,179,112,0,0
0.02613,179,111,0,0
0.02614,180,112,0,0
0.02615,180,112,0,0
0.02616,180,111,0,0
0.02617,179,112,0,0
0.02618,179,111,0,0
0.02619,180,112,0,0
0.0262,180,112,0,0
0.02621,180,112,0,0
0.02622,179,112,0,0
0.02623,180,112,0,0
0.02624,180,112,0,0
0.02625,180,111,0,0
0.02626,180,112,0,0
0.02627,180,112,0,0
0.02628,180,112,0,0
0.02629,180,112,0,0
0.0263,180,112,0,0
0.02631,180,112,0,0
0.02632,180,112,0,0
0.02633,179,112,0,0
0.02634,180,112,0,0
0.02635,180,112,0,0
0.02636,179,112,0,0
0.02637,180,112,0,0
0.02638,179,112,0,0
0.02639,180,112,0,0
0.0264,180,111,0,0
0.02641,180,112,0,0
0.02642,180,112,0,0
0.02643,180,112,0,0
0.02644,180,112,0,0
0.02645,180,111,0,0
0.02646,180,112,0,0
0.02647,180,112,0,0
0.02648,180,112,0,0
0.02649,180,112,0,0
0.0265,115,112,0,0
0.02651,115,112,0,0
0.02652,115,112,0,0
0.02653,115,111,0,0
0.02654,115,112,0,0
0.02655,116,112,0,0
0.02656,115,112,0,0
0.02657,115,112,0,0
0.02658,115,112,0,0
0.02659,115,111,0,0
0.0266,115,112,0,0
0.02661,115,112,0,0
0.02662,115,112,0,0
0.02663,115,112,0,0
0.02664,115,112,0,0
0.02665,115,112,0,0
0.02666,115,112,0,0
0.02667,115,112,0,0
0.02668,115,111,0,0
0.02669,115,112,0,0
0.0267,115,111,0,0
0.02671,115,112,0,0
0.02672,115,112,0,0
0.02673,115,112,0,0
0.02674,115,112,0,0
0.02675,115,112,0,0
0.02676,115,112,0,0
0.02677,115,112,0,0
0.02678,115,112,0,0
0.02679,115,112,0,0
0.0268,115,112,0,0
0.02681,115,112,0,0
0.02682,115,112,0,0
0.02683,115,112,0,0
0.02684,115,112,0,0
0.02685,115,112,0,0
0.02686,116,112,0,0
0.02687,115,111,0,0
0.02688,115,112,0,0
0.02689,115,112,0,0
0.0269,115,111,0,0
0.02691,115,112,0,0
0.02692,115,112,0,0
0.02693,115,112,0,0
0.02694,115,112,0,0
0.02695,115,111,0,0
0.02696,115,112,0,0
0.02697,115,112,0,0
0.02698,115,112,0,0
0.02699,115,112,0,0
0.027,179,112,0,0
0.02701,180,112,0,0
0.02702,180,112,0,0
0.02703,179,112,0,0
0.02704,179,112,0,0
0.02705,180,112,0,0
0.02706,180,112,0,0
0.02707,180,112,0,0
0.02708,180,112,0,0
0.02709,179,112,0,0
0.0271,180,112,0,0
0.02711,180,112,0,0
0.02712,180,112,0,0
0.02713,180,112,0,0
0.02714,179,112,0,0
0.02715,180,112,0,0
0.02716,180,112,0,0
0.02717,180,112,0,0
0.02718,180,112,0,0
0.02719,179,112,0,0
0.0272,180,111,0,0
0.02721,180,112,0,0
0.02722,180,112,0,0
0.02723,179,112,0,0
0.02724,179,111,0,0
0.02725,180,112,0,0
0.02726,180,111,0,0
0.02727,180,112,0,0
0.02728,180,112,0,0
0.02729,179,111,0,0
0.0273,180,111,0,0
0.02731,180,112,0,0
0.02732,180,112,0,0
0.02733,180,112,0,0
0.02734,180,112,0,0
0.02735,180,111,0,0
0.02736,180,112,0,0
0.02737,180,112,0,0
0.02738,179,111,0,0
0.02739,180,112,0,0
0.0274,180,112,0,0
0.02741,180,112,0,0
0.02742,180,112,0,0
0.02743,180,112,0,0
0.02744,179,112,0,0
0.02745,180,112,0,0
0.02746,180,112,0,0
0.02747,180,111,0,0
0.02748,180,112,0,0
0.02749,179,112,0,0
0.0275,115,112,0,0
0.02751,115,112,0,0
0.02752,115,112,0,0
0.02753,115,112,0,0
0.02754,115,112,0,0
0.02755,115,111,0,0
0.02756,115,112,0,0
0.02757,116,111,0,0
0.02758,115,111,0,0
0.02759,115,112,0,0
0.0276,115,112,0,0
0.02761,115,111,0,0
0.02762,115,112,0,0
0.02763,115,112,0,0
0.02764,115,112,0,0
0.02765,115,112,0,0
0.02766,115,112,0,0
0.02767,115,112,0,0
0.02768,115,112,0,0
0.02769,115,112,0,0
0.0277,115,112,0,0
0.02771,115,112,0,0
0.02772,115,112,0,0
0.02773,115,112,0,0
0.02774,115,112,0,0
0.02775,115,112,0,0
0.02776,115,111,0,0
0.02777,115,112,0,0
0.02778,115,112,0,0
0.02779,115,112,0,0
0.0278,115,112,0,0
0.02781,114,112,0,0
0.02782,115,112,0,0
0.02783,115,112,0,0
0.02784,115,112,0,0
0.02785,115,112,0,0
0.02786,115,112,0,0
0.02787,115,112,0,0
0.02788,115,112,0,0
0.02789,115,112,0,0
0.0279,115,112,0,0
0.02791,115,112,0,0
0.02792,115,111,0,0
0.02793,115,112,0,0
0.02794,115,112,0,0
0.02795,115,112,0,0
0.02796,115,112,0,0
0.02797,115,112,0,0
0.02798,115,112,0,0
0.02799,115,112,0,0
0.028,179,112,0,0
0.02801,180,112,0,0
0.02802,180,112,0,0
0.02803,180,112,0,0
0.02804,180,111,0,0
0.02805,179,112,0,0
0.02806,179,112,0,0
0.02807,180,112,0,0
0.02808,180,112,0,0
0.02809,180,112,0,0
0.0281,179,112,0,0
0.02811,179,112,0,0
0.02812,180,112,0,0
0.02813,180,112,0,0
0.02814,180,112,0,0
0.02815,180,112,0,0
0.02816,179,112,0,0
0.02817,180,112,0,0
0.02818,180,112,0,0
0.02819,180,112,0,0
0.0282,180,112,0,0
0.02821,180,112,0,0
0.02822,180,112,0,0
0.02823,180,112,0,0
0.02824,179,112,0,0
0.02825,180,112,0,0
0.02826,179,112,0,0
0.02827,180,112,0,0
0.02828,180,112,0,0
0.02829,180,111,0,0
0.0283,179,111,0,0
0.02831,180,112,0,0
0.02832,180,111,0,0
0.02833,180,112,0,0
0.02834,180,112,0,0
0.02835,179,112,0,0
0.02836,179,112,0,0
0.02837,180,111,0,0
0.02838,180,112,0,0
0.02839,180,112,0,0
0.0284,179,112,0,0
0.02841,179,112,0,0
0.02842,180,112,0,0
0.02843,180,111,0,0
0.02844,180,112,0,0
0.02845,179,112,0,0
0.02846,179,111,0,0
0.02847,180,112,0,0
0.02848,180,112,0,0
0.02849,180,112,0,0
0.0285,115,112,0,0
0.02851,115,112,0,0
0.02852,115,112,0,0
0.02853,115,112,0,0
0.02854,115,111,0,0
0.02855,115,112,0,0
0.02856,115,112,0,0
0.02857,115,112,0,0
0.02858,115,112,0,0
0.02859,115,111,0,0
0.0286,115,112,0,0
0.02861,115,112,0,0
0.02862,115,112,0,0
0.02863,115,112,0,0
0.02864,115,112,0,0
0.02865,115,112,0,0
0.02866,115,111,0,0
0.02867,115,111,0,0
0.02868,115,112,0,0
0.02869,115,111,0,0
0.0287,115,112,0,0
0.02871,115,112,0,0
0.02872,115,112,0,0
0.02873,115,112,0,0
0.02874,115,112,0,0
0.02875,115,112,0,0
0.02876,115,112,0,0
0.02877,115,112,0,0
0.02878,115,112,0,0
0.02879,116,112,0,0
0.0288,115,112,0,0
0.02881,115,112,0,0
0.02882,115,111,0,0
0.02883,115,112,0,0
0.02884,115,111,0,0
0.02885,115,111,0,0
0.02886,115,111,0,0
0.02887,115,112,0,0
0.02888,115,112,0,0
0.02889,115,112,0,0
0.0289,115,112,0,0
0.02891,115,111,0,0
0.02892,115,111,0,0
0.02893,115,111,0,0
0.02894,115,112,0,0
0.02895,115,112,0,0
0.02896,115,112,0,0
0.02897,115,112,0,0
0.02898,115,111,0,0
0.02899,115,112,0,0
0.029,180,112,0,0
0.02901,180,112,0,0
0.02902,180,112,0,0
0.02903,180,112,0,0
0.02904,180,112,0,0
0.02905,180,112,0,0
0.02906,179,112,0,0
0.02907,179,112,0,0
0.02908,180,112,0,0
0.02909,180,111,0,0
0.0291,180,112,0,0
0.02911,179,112,0,0
0.02912,179,112,0,0
0.02913,180,111,0,0
0.02914,180,112,0,0
0.02915,180,112,0,0
0.02916,179,112,0,0
0.02917,179,112,0,0
0.02918,179,112,0,0
0.02919,180,112,0,0
0.0292,180,112,0,0
0.02921,179,111,0,0
0.02922,179,112,0,0
0.02923,179,112,0,0
0.02924,180,112,0,0
0.02925,180,112,0,0
0.02926,180,112,0,0
0.02927,179,112,0,0
0.02928,180,112,0,0
0.02929,180,112,0,0
0.0293,180,111,0,0
0.02931,180,112,0,0
0.02932,179,112,0,0
0.02933,180,112,0,0
0.02934,180,112,0,0
0.02935,180,112,0,0
0.02936,180,112,0,0
0.02937,179,112,0,0
0.02938,180,112,0,0
0.02939,180,112,0,0
0.0294,180,112,0,0
0.02941,179,112,0,0
0.02942,179,112,0,0
0.02943,179,112,0,0
0.02944,179,111,0,0
0.02945,180,112,0,0
0.02946,179,112,0,0
0.02947,179,112,0,0
0.02948,179,112,0,0
0.02949,179,112,0,0
0.0295,115,111,0,0
0.02951,115,112,0,0
0.02952,115,112,0,0
0.02953,115,112,0,0
0.02954,114,111,0,0
0.02955,115,112,0,0
0.02956,116,112,0,0
0.02957,115,112,0,0
0.02958,115,112,0,0
0.02959,115,112,0,0
0.0296,115,112,0,0
0.02961,116,112,0,0
0.02962,115,112,0,0
0.02963,115,112,0,0
0.02964,115,111,0,0
0.02965,115,112,0,0
0.02966,115,111,0,0
0.02967,115,112,0,0
0.02968,115,112,0,0
0.02969,115,112,0,0
0.0297,115,112,0,0
0.02971,115,112,0,0
0.02972,115,111,0,0
0.02973,115,111,0,0
0.02974,115,112,0,0
0.02975,115,111,0,0
0.02976,115,111,0,0
0.02977,115,112,0,0
0.02978,115,112,0,0
0.02979,115,112,0,0
0.0298,115,111,0,0
0.02981,115,112,0,0
0.02982,115,112,0,0
0.02983,115,112,0,0
0.02984,115,112,0,0
0.02985,115,112,0,0
0.02986,115,112,0,0
0.02987,115,112,0,0
0.02988,115,111,0,0
0.02989,115,112,0,0
0.0299,115,111,0,0
0.02991,115,112,0,0
0.02992,115,112,0,0
0.02993,115,112,0,0
0.02994,115,112,0,0
0.02995,115,112,0,0
0.02996,115,112,0,0
0.02997,115,112,0,0
0.02998,115,112,0,0
0.02999,115,112,0,0
0.03,179,112,0,0
0.03001,179,112,0,0
0.03002,179,112,0,0
0.03003,179,111,0,0
0.03004,179,112,0,0
0.03005,179,112,0,0
0.03006,179,112,0,0
0.03007,180,112,0,0
0.03008,180,112,0,0
0.03009,180,112,0,0
0.0301,179,112,0,0
0.03011,179,112,0,0
0.03012,180,111,0,0
0.03013,180,111,0,0
0.03014,180,112,0,0
0.03015,179,112,0,0
0.03016,180,112,0,0
0.03017,180,112,0,0
0.03018,180,112,0,0
0.03019,179,112,0,0
0.0302,179,111,0,0
0.03021,180,112,0,0
0.03022,180,112,0,0
0.03023,180,112,0,0
0.03024,179,112,0,0
0.03025,179,111,0,0
0.03026,180,112,0,0
0.03027,180,112,0,0
0.03028,179,112,0,0
0.03029,179,112,0,0
0.0303,179,111,0,0
0.03031,180,111,0,0
0.03032,180,112,0,0
0.03033,180,112,0,0
0.03034,179,111,0,0
0.03035,179,112,0,0
0.03036,180,112,0,0
0.03037,180,112,0,0
0.03038,180,112,0,0
0.03039,179,112,0,0
0.0304,180,111,0,0
0.03041,180,112,0,0
0.03042,180,112,0,0
0.03043,180,112,0,0
0.03044,180,111,0,0
0.03045,180,112,0,0
0.03046,180,112,0,0
0.03047,180,112,0,0
0.03048,180,112,0,0
0.03049,179,112,0,0
0.0305,114,111,0,0
0.03051,115,112,0,0
0.03052,115,112,0,0
0.03053,115,112,0,0
0.03054,115,112,0,0
0.03055,115,112,0,0
0.03056,115,112,0,0
0.03057,115,112,0,0
0.03058,115,112,0,0
0.03059,115,111,0,0
0.0306,115,111,0,0
0.03061,115,111,0,0
0.03062,115,112,0,0
0.03063,115,111,0,0
0.03064,115,112,0,0
0.03065,115,112,0,0
0.03066,115,112,0,0
0.03067,115,112,0,0
0.03068,115,112,0,0
0.03069,115,112,0,0
0.0307,115,112,0,0
0.03071,115,112,0,0
0.03072,115,112,0,0
0.03073,115,112,0,0
0.03074,115,112,0,0
0.03075,115,111,0,0
0.03076,115,111,0,0
0.03077,115,112,0,0
0.03078,115,112,0,0
0.03079,116,111,0,0
0.0308,115,112,0,0
0.03081,115,112,0,0
0.03082,115,112,0,0
0.03083,115,112,0,0
0.03084,115,112,0,0
0.03085,115,112,0,0
0.03086,115,111,0,0
0.03087,115,112,0,0
0.03088,115,112,0,0
0.03089,115,112,0,0
0.0309,115,112,0,0
0.03091,115,112,0,0
0.03092,115,112,0,0
0.03093,115,112,0,0
0.03094,116,112,0,0
0.03095,116,112,0,0
0.03096,115,112,0,0
0.03097,115,112,0,0
0.03098,115,112,0,0
0.03099,116,112,0,0
0.031,180,112,0,0
0.03101,179,112,0,0
0.03102,180,112,0,0
0.03103,180,111,0,0
0.03104,180,112,0,0
0.03105,180,112,0,0
0.03106,180,111,0,0
0.03107,179,112,0,0
0.03108,179,112,0,0
0.03109,180,112,0,0
0.0311,180,112,0,0
0.03111,179,112,0,0
0.03112,179,111,0,0
0.03113,179,112,0,0
0.03114,180,112,0,0
0.03115,179,112,0,0
0.03116,180,112,0,0
0.03117,179,112,0,0
0.03118,179,112,0,0
0.03119,180,112,0,0
0.0312,180,112,0,0
0.03121,180,112,0,0
0.03122,179,111,0,0
0.03123,179,112,0,0
0.03124,180,112,0,0
0.03125,180,112,0,0
0.03126,180,112,0,0
0.03127,179,112,0,0
0.03128,180,112,0,0
0.03129,180,112,0,0
0.0313,180,112,0,0
0.03131,179,112,0,0
0.03132,179,112,0,0
0.03133,179,112,0,0
0.03134,180,112,0,0
0.03135,180,112,0,0
0.03136,179,112,0,0
0.03137,179,112,0,0
0.03138,179,111,0,0
0.03139,180,112,0,0
0.0314,180,112,0,0
0.03141,180,112,0,0
0.03142,179,111,0,0
0.03143,179,112,0,0
0.03144,180,112,0,0
0.03145,180,112,0,0
0.03146,180,112,0,0
0.03147,179,112,0,0
0.03148,180,112,0,0
0.03149,180,112,0,0
0.0315,115,111,0,0
0.03151,115,111,0,0
0.03152,115,112,0,0
0.03153,115,112,0,0
0.03154,115,112,0,0
0.03155,115,112,0,0
0.03156,115,112,0,0
0.03157,115,112,0,0
0.03158,115,112,0,0
0.03159,115,112,0,0
0.0316,115,112,0,0
0.03161,115,111,0,0
0.03162,115,112,0,0
0.03163,115,112,0,0
0.03164,115,112,0,0
0.03165,115,112,0,0
0.03166,115,111,0,0
0.03167,115,112,0,0
0.03168,115,112,0,0
0.03169,115,111,0,0
0.0317,115,112,0,0
0.03171,115,112,0,0
0.03172,115,111,0,0
0.03173,115,112,0,0
0.03174,115,112,0,0
0.03175,115,112,0,0
0.03176,115,112,0,0
0.03177,115,112,0,0
0.03178,115,112,0,0
0.03179,115,112,0,0
0.0318,115,112,0,0
0.03181,115,111,0,0
0.03182,115,112,0,0
0.03183,115,112,0,0
0.03184,115,112,0,0
0.03185,115,112,0,0
0.03186,116,111,0,0
0.03187,115,112,0,0
0.03188,115,112,0,0
0.03189,115,112,0,0
0.0319,115,112,0,0
0.03191,115,112,0,0
0.03192,115,111,0,0
0.03193,115,112,0,0
0.03194,115,112,0,0
0.03195,115,112,0,0
0.03196,115,112,0,0
0.03197,115,112,0,0
0.03198,115,111,0,0
0.03199,115,112,0,0
0.032,180,112,0,0
0.03201,180,112,0,0
0.03202,180,112,0,0
0.03203,180,112,0,0
0.03204,179,112,0,0
0.03205,180,111,0,0
0.03206,180,112,0,0
0.03207,180,112,0,0
0.03208,180,112,0,0
0.03209,180,111,0,0
0.0321,180,112,0,0
0.03211,180,111,0,0
0.03212,180,112,0,0
0.03213,180,112,0,0
0.03214,180,112,0,0
0.03215,179,112,0,0
0.03216,180,111,0,0
0.03217,180,111,0,0
0.03218,180,112,0,0
0.03219,180,112,0,0
0.0322,179,112,0,0
0.03221,180,112,0,0
0.03222,180,112,0,0
0.03223,180,112,0,0
0.03224,179,112,0,0
0.03225,179,112,0,0
0.03226,180,112,0,0
0.03227,180,112,0,0
0.03228,180,112,0,0
0.03229,179,112,0,0
0.0323,179,112,0,0
0.03231,179,112,0,0
0.03232,180,112,0,0
0.03233,180,111,0,0
0.03234,179,112,0,0
0.03235,179,112,0,0
0.03236,180,112,0,0
0.03237,180,112,0,0
0.03238,180,112,0,0
0.03239,179,112,0,0
0.0324,179,112,0,0
0.03241,180,112,0,0
0.03242,180,112,0,0
0.03243,180,112,0,0
0.03244,179,112,0,0
0.03245,180,112,0,0
0.03246,180,112,0,0
0.03247,179,112,0,0
0.03248,180,112,0,0
0.03249,179,112,0,0
0.0325,114,112,0,0
0.03251,115,112,0,0
0.03252,115,112,0,0
0.03253,115,112,0,0
0.03254,115,112,0,0
0.03255,115,112,0,0
0.03256,115,112,0,0
0.03257,115,112,0,0
0.03258,115,111,0,0
0.03259,115,112,0,0
0.0326,115,112,0,0
0.03261,115,112,0,0
0.03262,115,111,0,0
0.03263,115,112,0,0
0.03264,115,112,0,0
0.03265,115,112,0,0
0.03266,115,112,0,0
0.03267,115,112,0,0
0.03268,115,112,0,0
0.03269,115,112,0,0
0.0327,115,112,0,0
0.03271,115,112,0,0
0.03272,115,112,0,0
0.03273,115,112,0,0
0.03274,115,111,0,0
0.03275,115,112,0,0
0.03276,115,112,0,0
0.03277,115,112,0,0
0.03278,115,111,0,0
0.03279,115,112,0,0
0.0328,115,112,0,0
0.03281,115,111,0,0
0.03282,114,111,0,0
0.03283,115,112,0,0
0.03284,115,112,0,0
0.03285,115,111,0,0
0.03286,115,112,0,0
0.03287,115,111,0,0
0.03288,115,112,0,0
0.03289,115,112,0,0
0.0329,115,112,0,0
0.03291,115,112,0,0
0.03292,115,112,0,0
0.03293,115,112,0,0
0.03294,115,112,0,0
0.03295,115,111,0,0
0.03296,115,112,0,0
0.03297,115,112,0,0
0.03298,115,112,0,0
0.03299,115,112,0,0
0.033,180,112,0,0
0.03301,179,112,0,0
0.03302,179,112,0,0
0.03303,179,112,0,0
0.03304,180,112,0,0
0.03305,180,112,0,0
0.03306,179,112,0,0
0.03307,179,112,0,0
0.03308,179,112,0,0
0.03309,180,112,0,0
0.0331,179,111,0,0
0.03311,179,112,0,0
0.03312,180,112,0,0
0.03313,179,112,0,0
0.03314,180,112,0,0
0.03315,180,112,0,0
0.03316,180,112,0,0
0.03317,180,112,0,0
0.03318,180,112,0,0
0.03319,180,112,0,0
0.0332,180,111,0,0
0.03321,180,112,0,0
0.03322,180,112,0,0
0.03323,179,112,0,0
0.03324,180,112,0,0
0.03325,180,112,0,0
0.03326,179,112,0,0
0.03327,179,112,0,0
0.03328,179,112,0,0
0.03329,180,111,0,0
0.0333,180,112,0,0
0.03331,180,111,0,0
0.03332,179,112,0,0
0.03333,179,112,0,0
0.03334,180,112,0,0
0.03335,180,112,0,0
0.03336,179,112,0,0
0.03337,179,112,0,0
0.03338,179,112,0,0
0.03339,179,111,0,0
0.0334,180,112,0,0
0.03341,180,112,0,0
0.03342,180,112,0,0
0.03343,180,112,0,0
0.03344,180,112,0,0
0.03345,180,112,0,0
0.03346,180,111,0,0
0.03347,179,112,0,0
0.03348,179,112,0,0
0.03349,180,112,0,0
0.0335,115,112,0,0
0.03351,115,112,0,0
0.03352,115,112,0,0
0.03353,115,112,0,0
0.03354,115,112,0,0
0.03355,115,112,0,0
0.03356,116,111,0,0
0.03357,115,112,0,0
0.03358,115,112,0,0
0.03359,115,112,0,0
0.0336,115,111,0,0
0.03361,115,112,0,0
0.03362,115,112,0,0
0.03363,115,112,0,0
0.03364,115,112,0,0
0.03365,115,112,0,0
0.03366,115,112,0,0
0.03367,115,112,0,0
0.03368,115,112,0,0
0.03369,115,112,0,0
0.0337,114,112,0,0
0.03371,115,112,0,0
0.03372,115,112,0,0
0.03373,115,112,0,0
0.03374,115,112,0,0
0.03375,115,112,0,0
0.03376,115,112,0,0
0.03377,115,112,0,0
0.03378,115,112,0,0
0.03379,115,112,0,0
0.0338,115,112,0,0
0.03381,115,112,0,0
0.03382,115,112,0,0
0.03383,115,111,0,0
0.03384,115,112,0,0
0.03385,115,112,0,0
0.03386,115,112,0,0
0.03387,115,111,0,0
0.03388,115,112,0,0
0.03389,115,111,0,0
0.0339,114,112,0,0
0.03391,115,112,0,0
0.03392,115,112,0,0
0.03393,115,112,0,0
0.03394,115,112,0,0
0.03395,115,112,0,0
0.03396,115,112,0,0
0.03397,115,112,0,0
0.03398,115,112,0,0
0.03399,115,112,0,0
0.034,180,112,0,0
0.03401,179,112,0,0
0.03402,180,112,0,0
0.03403,180,111,0,0
0.03404,180,112,0,0
0.03405,180,112,0,0
0.03406,179,112,0,0
0.03407,180,111,0,0
0.03408,180,112,0,0
0.03409,179,112,0,0
0.0341,179,112,0,0
0.03411,179,112,0,0
0.03412,180,111,0,0
0.03413,180,112,0,0
0.03414,179,112,0,0
0.03415,179,112,0,0
0.03416,179,111,0,0
0.03417,180,112,0,0
0.03418,180,112,0,0
0.03419,180,112,0,0
0.0342,179,112,0,0
0.03421,179,112,0,0
0.03422,180,112,0,0
0.03423,180,112,0,0
0.03424,180,112,0,0
0.03425,180,111,0,0
0.03426,179,112,0,0
0.03427,180,112,0,0
0.03428,180,112,0,0
0.03429,180,112,0,0
0.0343,180,112,0,0
0.03431,179,112,0,0
0.03432,180,112,0,0
0.03433,180,112,0,0
0.03434,180,112,0,0
0.03435,180,112,0,0
0.03436,179,112,0,0
0.03437,180,112,0,0
0.03438,180,112,0,0
0.03439,180,112,0,0
0.0344,180,112,0,0
0.03441,179,112,0,0
0.03442,180,112,0,0
0.03443,180,112,0,0
0.03444,180,112,0,0
0.03445,179,112,0,0
0.03446,179,112,0,0
0.03447,179,111,0,0
0.03448,180,112,0,0
0.03449,180,112,0,0
0.0345,115,112,0,0
0.03451,115,111,0,0
0.03452,114,112,0,0
0.03453,115,112,0,0
0.03454,115,112,0,0
0.03455,115,112,0,0
0.03456,115,112,0,0
0.03457,115,112,0,0
0.03458,115,112,0,0
0.03459,115,112,0,0
0.0346,115,112,0,0
0.03461,115,112,0,0
0.03462,115,112,0,0
0.03463,115,112,0,0
0.03464,115,112,0,0
0.03465,115,111,0,0
0.03466,115,112,0,0
0.03467,115,111,0,0
0.03468,115,112,0,0
0.03469,115,112,0,0
0.0347,115,111,0,0
0.03471,115,112,0,0
0.03472,115,112,0,0
0.03473,115,112,0,0
0.03474,115,112,0,0
0.03475,115,112,0,0
0.03476,115,112,0,0
0.03477,115,112,0,0
0.03478,115,112,0,0
0.03479,115,112,0,0
0.0348,115,112,0,0
0.03481,115,111,0,0
0.03482,115,112,0,0
0.03483,115,112,0,0
0.03484,115,112,0,0
0.03485,115,112,0,0
0.03486,115,111,0,0
0.03487,115,112,0,0
0.03488,115,112,0,0
0.03489,115,112,0,0
0.0349,115,112,0,0
0.03491,115,112,0,0
0.03492,115,112,0,0
0.03493,115,112,0,0
0.03494,115,112,0,0
0.03495,115,112,0,0
0.03496,115,112,0,0
0.03497,114,111,0,0
0.03498,115,112,0,0
0.03499,115,112,0,0
0.035,180,112,0,0
0.03501,180,112,0,0
0.03502,179,112,0,0
0.03503,179,112,0,0
0.03504,179,112,0,0
0.03505,180,112,0,0
0.03506,180,112,0,0
0.03507,179,112,0,0
0.03508,179,112,0,0
0.03509,180,112,0,0
0.0351,180,112,0,0
0.03511,180,111,0,0
0.03512,179,111,0,0
0.03513,179,112,0,0
0.03514,180,112,0,0
0.03515,180,112,0,0
0.03516,180,112,0,0
0.03517,180,112,0,0
0.03518,179,112,0,0
0.03519,180,111,0,0
0.0352,180,112,0,0
0.03521,180,112,0,0
0.03522,180,112,0,0
0.03523,179,112,0,0
0.03524,179,112,0,0
0.03525,179,112,0,0
0.03526,180,112,0,0
0.03527,179,112,0,0
0.03528,179,111,0,0
0.03529,179,112,0,0
0.0353,180,112,0,0
0.03531,180,111,0,0
0.03532,179,112,0,0
0.03533,179,112,0,0
0.03534,179,112,0,0
0.03535,180,112,0,0
0.03536,180,112,0,0
0.03537,180,112,0,0
0.03538,180,112,0,0
0.03539,179,112,0,0
0.0354,179,112,0,0
0.03541,180,112,0,0
0.03542,180,112,0,0
0.03543,180,112,0,0
0.03544,179,112,0,0
0.03545,180,112,0,0
0.03546,180,112,0,0
0.03547,180,112,0,0
0.03548,179,112,0,0
0.03549,179,112,0,0
0.0355,115,112,0,0
0.03551,115,112,0,0
0.03552,115,112,0,0
0.03553,115,112,0,0
0.03554,115,112,0,0
0.03555,115,112,0,0
0.03556,115,112,0,0
0.03557,115,112,0,0
0.03558,115,112,0,0
0.03559,115,112,0,0
0.0356,115,112,0,0
0.03561,115,112,0,0
0.03562,115,112,0,0
0.03563,115,112,0,0
0.03564,115,112,0,0
0.03565,115,112,0,0
0.03566,115,112,0,0
0.03567,115,111,0,0
0.03568,116,112,0,0
0.03569,115,111,0,0
0.0357,115,112,0,0
0.03571,115,112,0,0
0.03572,116,112,0,0
0.03573,115,112,0,0
0.03574,115,111,0,0
0.03575,115,112,0,0
0.03576,115,112,0,0
0.03577,115,111,0,0
0.03578,116,112,0,0
0.03579,115,112,0,0
0.0358,115,112,0,0
0.03581,114,112,0,0
0.03582,115,112,0,0
0.03583,115,112,0,0
0.03584,115,112,0,0
0.03585,115,112,0,0
0.03586,115,112,0,0
0.03587,115,112,0,0
0.03588,115,111,0,0
0.03589,115,112,0,0
0.0359,115,111,0,0
0.03591,115,112,0,0
0.03592,115,112,0,0
0.03593,115,112,0,0
0.03594,115,112,0,0
0.03595,115,112,0,0
0.03596,115,112,0,0
0.03597,115,112,0,0
0.03598,115,111,0,0
0.03599,115,112,0,0
0.036,180,112,0,0
0.03601,179,112,0,0
0.03602,180,111,0,0
0.03603,180,112,0,0
0.03604,180,112,0,0
0.03605,180,112,0,0
0.03606,179,112,0,0
0.03607,180,112,0,0
0.03608,180,112,0,0
0.03609,180,112,0,0
0.0361,179,112,0,0
0.03611,179,112,0,0
0.03612,179,112,0,0
0.03613,179,111,0,0
0.03614,180,112,0,0
0.03615,179,111,0,0
0.03616,179,111,0,0
0.03617,179,112,0,0
0.03618,180,112,0,0
0.03619,180,112,0,0
0.0362,179,112,0,0
0.03621,179,112,0,0
0.03622,179,112,0,0
0.03623,180,112,0,0
0.03624,180,112,0,0
0.03625,180,112,0,0
0.03626,179,112,0,0
0.03627,179,111,0,0
0.03628,180,112,0,0
0.03629,180,112,0,0
0.0363,180,112,0,0
0.03631,179,112,0,0
0.03632,179,112,0,0
0.03633,180,111,0,0
0.03634,180,112,0,0
0.03635,179,112,0,0
0.03636,179,111,0,0
0.03637,179,112,0,0
0.03638,179,112,0,0
0.03639,180,112,0,0
0.0364,180,112,0,0
0.03641,179,112,0,0
0.03642,179,112,0,0
0.03643,179,112,0,0
0.03644,180,111,0,0
0.03645,180,112,0,0
0.03646,180,112,0,0
0.03647,179,112,0,0
0.03648,179,112,0,0
0.03649,180,112,0,0
0.0365,115,112,0,0
0.03651,115,112,0,0
0.03652,115,112,0,0
0.03653,115,112,0,0
0.03654,115,112,0,0
0.03655,115,112,0,0
0.03656,115,111,0,0
0.03657,115,112,0,0
0.03658,115,112,0,0
0.03659,115,112,0,0
0.0366,116,112,0,0
0.03661,115,112,0,0
0.03662,115,112,0,0
0.03663,115,112,0,0
0.03664,115,112,0,0
0.03665,115,111,0,0
0.03666,115,112,0,0
0.03667,115,112,0,0
0.03668,115,112,0,0
0.03669,115,112,0,0
0.0367,115,112,0,0
0.03671,115,112,0,0
0.03672,115,111,0,0
0.03673,115,112,0,0
0.03674,115,112,0,0
0.03675,115,112,0,0
0.03676,116,112,0,0
0.03677,115,112,0,0
0.03678,115,112,0,0
0.03679,115,112,0,0
0.0368,115,112,0,0
0.03681,115,112,0,0
0.03682,115,111,0,0
0.03683,115,112,0,0
0.03684,115,112,0,0
0.03685,115,112,0,0
0.03686,115,112,0,0
0.03687,115,111,0,0
0.03688,115,112,0,0
0.03689,115,112,0,0
0.0369,115,112,0,0
0.03691,115,111,0,0
0.03692,115,112,0,0
0.03693,115,112,0,0
0.03694,115,111,0,0
0.03695,115,112,0,0
0.03696,115,111,0,0
0.03697,115,112,0,0
0.03698,115,112,0,0
0.03699,115,112,0,0
0.037,180,112,0,0
0.03701,179,112,0,0
0.03702,180,112,0,0
0.03703,180,111,0,0
0.03704,180,112,0,0
0.03705,179,112,0,0
0.03706,180,112,0,0
0.03707,180,112,0,0
0.03708,180,112,0,0
0.03709,179,112,0,0
0.0371,179,112,0,0
0.03711,180,112,0,0
0.03712,180,112,0,0
0.03713,180,112,0,0
0.03714,179,112,0,0
0.03715,179,112,0,0
0.03716,180,112,0,0
0.03717,180,111,0,0
0.03718,180,112,0,0
0.03719,179,112,0,0
0.0372,179,112,0,0
0.03721,180,112,0,0
0.03722,180,111,0,0
0.03723,180,111,0,0
0.03724,179,112,0,0
0.03725,179,112,0,0
0.03726,179,112,0,0
0.03727,180,112,0,0
0.03728,180,112,0,0
0.03729,180,112,0,0
0.0373,179,112,0,0
0.03731,180,112,0,0
0.03732,180,112,0,0
0.03733,180,112,0,0
0.03734,180,112,0,0
0.03735,180,112,0,0
0.03736,179,112,0,0
0.03737,180,112,0,0
0.03738,180,112,0,0
0.03739,179,112,0,0
0.0374,179,112,0,0
0.03741,180,112,0,0
0.03742,180,112,0,0
0.03743,180,112,0,0
0.03744,179,112,0,0
0.03745,179,112,0,0
0.03746,179,112,0,0
0.03747,180,111,0,0
0.03748,180,112,0,0
0.03749,179,112,0,0
0.0375,115,111,0,0
0.03751,115,112,0,0
0.03752,115,111,0,0
0.03753,115,112,0,0
0.03754,115,111,0,0
0.03755,115,112,0,0
0.03756,115,112,0,0
0.03757,115,112,0,0
0.03758,115,112,0,0
0.03759,115,112,0,0
0.0376,115,112,0,0
0.03761,115,112,0,0
0.03762,115,112,0,0
0.03763,115,112,0,0
0.03764,115,112,0,0
0.03765,115,112,0,0
0.03766,115,112,0,0
0.03767,115,111,0,0
0.03768,115,112,0,0
0.03769,115,112,0,0
0.0377,115,111,0,0
0.03771,115,112,0,0
0.03772,115,112,0,0
0.03773,115,112,0,0
0.03774,115,112,0,0
0.03775,115,112,0,0
0.03776,114,111,0,0
0.03777,115,112,0,0
0.03778,115,111,0,0
0.03779,116,112,0,0
0.0378,115,111,0,0
0.03781,115,111,0,0
0.03782,115,111,0,0
0.03783,115,112,0,0
0.03784,115,111,0,0
0.03785,115,112,0,0
0.03786,115,112,0,0
0.03787,115,111,0,0
0.03788,115,112,0,0
0.03789,115,112,0,0
0.0379,115,112,0,0
0.03791,115,111,0,0
0.03792,115,112,0,0
0.03793,115,112,0,0
0.03794,115,112,0,0
0.03795,115,112,0,0
0.03796,115,112,0,0
0.03797,115,112,0,0
0.03798,115,112,0,0
0.03799,115,112,0,0
0.038,180,112,0,0
0.03801,179,112,0,0
0.03802,179,112,0,0
0.03803,179,112,0,0
0.03804,180,112,0,0
0.03805,180,112,0,0
0.03806,179,112,0,0
0.03807,179,112,0,0
0.03808,179,112,0,0
0.03809,180,112,0,0
0.0381,180,112,0,0
0.03811,180,112,0,0
0.03812,179,112,0,0
0.03813,179,112,0,0
0.03814,180,112,0,0
0.03815,180,112,0,0
0.03816,179,112,0,0
0.03817,179,112,0,0
0.03818,179,112,0,0
0.03819,180,112,0,0
0.0382,180,112,0,0
0.03821,180,112,0,0
0.03822,179,112,0,0
0.03823,179,112,0,0
0.03824,180,112,0,0
0.03825,180,112,0,0
0.03826,180,112,0,0
0.03827,180,112,0,0
0.03828,179,112,0,0
0.03829,180,112,0,0
0.0383,180,112,0,0
0.03831,180,112,0,0
0.03832,179,111,0,0
0.03833,179,112,0,0
0.03834,180,111,0,0
0.03835,180,112,0,0
0.03836,180,112,0,0
0.03837,180,111,0,0
0.03838,179,112,0,0
0.03839,179,112,0,0
0.0384,180,112,0,0
0.03841,180,112,0,0
0.03842,180,112,0,0
0.03843,179,112,0,0
0.03844,179,112,0,0
0.03845,180,112,0,0
0.03846,180,112,0,0
0.03847,180,112,0,0
0.03848,179,112,0,0
0.03849,180,112,0,0
0.0385,115,112,0,0
0.03851,116,112,0,0
0.03852,115,112,0,0
0.03853,115,112,0,0
0.03854,115,112,0,0
0.03855,115,111,0,0
0.03856,116,112,0,0
0.03857,115,112,0,0
0.03858,115,112,0,0
0.03859,115,112,0,0
0.0386,115,112,0,0
0.03861,115,112,0,0
0.03862,115,111,0,0
0.03863,115,112,0,0
0.03864,114,111,0,0
0.03865,115,112,0,0
0.03866,115,112,0,0
0.03867,115,112,0,0
0.03868,115,112,0,0
0.03869,115,112,0,0
0.0387,115,112,0,0
0.03871,115,112,0,0
0.03872,115,111,0,0
0.03873,115,111,0,0
0.03874,115,112,0,0
0.03875,115,112,0,0
0.03876,115,112,0,0
0.03877,115,112,0,0
0.03878,116,112,0,0
0.03879,115,112,0,0
0.0388,115,112,0,0
0.03881,115,111,0,0
0.03882,115,112,0,0
0.03883,115,112,0,0
0.03884,115,112,0,0
0.03885,115,112,0,0
0.03886,115,112,0,0
0.03887,115,112,0,0
0.03888,115,112,0,0
0.03889,115,112,0,0
0.0389,115,112,0,0
0.03891,115,112,0,0
0.03892,115,112,0,0
0.03893,115,112,0,0
0.03894,115,111,0,0
0.03895,115,112,0,0
0.03896,115,111,0,0
0.03897,115,112,0,0
0.03898,115,112,0,0
0.03899,115,111,0,0
0.039,179,112,0,0
0.03901,179,112,0,0
0.03902,180,112,0,0
0.03903,180,112,0,0
0.03904,179,112,0,0
0.03905,179,112,0,0
0.03906,180,112,0,0
0.03907,180,112,0,0
0.03908,180,112,0,0
0.03909,180,112,0,0
0.0391,179,112,0,0
0.03911,180,112,0,0
0.03912,180,112,0,0
0.03913,180,112,0,0
0.03914,180,111,0,0
0.03915,179,112,0,0
0.03916,179,112,0,0
0.03917,180,112,0,0
0.03918,180,112,0,0
0.03919,180,112,0,0
0.0392,179,112,0,0
0.03921,179,112,0,0
0.03922,180,112,0,0
0.03923,180,112,0,0
0.03924,179,112,0,0
0.03925,179,111,0,0
0.03926,179,112,0,0
0.03927,180,112,0,0
0.03928,180,112,0,0
0.03929,180,111,0,0
0.0393,179,112,0,0
0.03931,179,111,0,0
0.03932,180,112,0,0
0.03933,180,112,0,0
0.03934,180,112,0,0
0.03935,179,112,0,0
0.03936,179,112,0,0
0.03937,180,112,0,0
0.03938,180,112,0,0
0.03939,179,111,0,0
0.0394,179,112,0,0
0.03941,179,111,0,0
0.03942,180,111,0,0
0.03943,180,112,0,0
0.03944,180,111,0,0
0.03945,179,112,0,0
